电影名,电影网址,导演,编剧,主演,评分,评分人数,评分额外信息,类型,制片国家/地区,语言,上映时间,时长,剧情简介,获奖情况,热门评论,海报链接,海报保存路径,剧照链接,剧照保存路径,视频链接,视频保存路径
锅碗瓢盆交响曲,https://movie.douban.com/subject/1484679/,滕文骥,滕文骥,"['孙淳', '殷亭如', '陈烨']",6.9,808,INF,剧情,中国大陆,汉语普通话,1983(中国大陆),90分钟,春城饭店是个让人头疼的烂摊子，饮食公司的领导决定让牛宏（孙淳 饰）去春城当经理，在姐姐牛华（陈烨 饰）的鼓励下，牛宏走马上任。在牛宏的领导下，饭店扭亏为盈，破天荒发了奖金，为争奖金孙连香（邱渝贞 饰）和崔芬（童燕 饰）吵得不可开交，牛宏扣发了她俩的奖金，邱二宝（孙敏 饰）也因违纪被罚。对刘俊英（殷亭如 饰）一直有好感的牛宏想请她为饭店画幅璧画，刘答应了。当他知道刘有男朋友且马上要结婚时，心里很不是滋味，婚礼当天，战胜理智的牛宏亲自掌勺做莱并给新人敬酒。春城的火爆另公司内部人眼红，状告他有经济问题的材料上了领导办公桌，他跟领导据理力争，却被当场撤职，他顿感无奈和迷茫......,INF,"['挺喜欢看那个年代的影片，也许算是某种怀旧情结吧。那时的人们质朴又简单，无论是矛盾争执还是感情生活，都有些久违的小清新。 孙淳那时还是一个青涩的小伙，让人感叹岁月荏苒；女主真的很漂亮，即使不施粉黛，也是个眉目清秀的标志人儿。', '滕文骥现代企业三部曲之二，北京饮食管理公司，记录了青年干部提拔风潮中的一隅风景，牛宏（牛捉摸）被破例提拔后对皇城根旁的春城饭店进行大刀阔斧的改革，自己的情事却三战三败，终于孑然一身地走进未知的晚霞中。滕文骥的电影元素也很恒定：照例的男渣女美；中国式人际关系依然复杂，内斗内耗是不变的底色，劣币誓死祛除良币；新破旧惨烈激进，对提拔自己的老前辈不给台阶，毫不手软；台词散漫，追求俏皮的生活趣味，格调普遍不高。', '当淳叔还是正太的时候……女孩子都好美呀', '改编自蒋子龙的小说，蒋子龙总是喜欢写改革开放的事', '牛宏，牛琢磨，年方二十六，尚未娶妻，商场得意，情场失意', '牛宏到底喜欢谁啊………… 够随便的，一个结婚了，马上就和另一个约会，没成功就找下一个表白…………', '儿时记忆', '这年头不会有这么漂亮的女的…… 这年头也不会有这么大籽儿脆生的瓜…… 更不会有诗情画意的那时北京。', '殷亭如是女神级的啊', '八零初问世了两部对仗不甚工整的改开剧。赤橙黄绿青蓝紫vs锅碗瓢盆交响曲……名曰锅碗瓢盆，聚焦餐厅改革，可涉及美味佳肴或恭请大厨的标配叙述几乎没有，真正与大快朵颐沾边的镜头反而是咬秋日啃西瓜？可以看出导演滕文骥对于美食文化本身没有太大兴趣，他只是虚借餐饮行业来反应时代转型企业改革过程中所遭遇的种种来自于旧意识形态的压力和阻力！https://www.douban.com/people/hitchitsch/status/3647739746/', '女一女三女四一个都没尬住，哈哈哈哈哈，谜之好看。', '根据蒋子龙小说改编。放映后大家都说比预想的有意思。年轻英俊的改革者，却情场失意而孤独。最令我感兴趣的，是片中渗出的日常生活质感。后海沿的老四合院，胡同里卖金鱼的老人、磨菜刀的、吆喝着跑来跑去的孩子；大家对洗衣机和录音机作为新生事物的兴奋，作家那时似乎更受人尊敬。纯真热烈的80年代', '爱情线不俗 刘烨&李沁的朦胧爱情哈哈', '1983年 北京', '那个年代的北京每一个元素都令人怀念啊，阳光、树荫、叫卖声、什刹海、四合院、金鱼缸，还有充满活力的男男女女。', '编导滕文骥对电影叙事拿捏的很好 循序渐进 生活会继续下去 电影只是截取其中的一段来表现 老北京的风韵 那个时代的人际关系 很好的造成了戏剧冲突 展现了那个年代特有的矛盾 各种小人物的特色也活灵活现 更想不到片里还有男女暧昧的元素 气氛把握的很好 孙淳年轻时挺帅 殷亭如更是大美女啊 不错的片子', '非常不同意看成鸡毛蒜皮的小事，要这么说，红楼梦也挺无聊的。这是在讲改革，有深刻的时代烙印，又鉴于不能大书特书，所以比较内敛，虽然台词俏皮了些，情节生活了些，缺乏像当下艺术探索电影的深沉。但这种风格，未尝不是一种新的存在。', '80年代初的北京破破旧旧坑坑洼洼，连街上路牌都是歪的，像90年代中国的任何一个县城，不过街是街，巷是巷，行道树遮天蔽日，小胡同、小天井里花花草草、鱼缸，绿油油的，到处是叽叽喳喳热闹的人情味。这个故事有些苦涩，孙淳饰演的国营饭馆经理，帅气爽朗，一心改革亏损单位，可惜事业成了，爱情却迟迟不来，殷亭如饰演的女青年，哪里是国营饭店的服务员，简直是文艺女神，难怪天天学画画，亭亭玉立，全然气质偶像，确实不会喜欢一个只会炒菜的经理，找个作家结婚自然不过……', '改革线轻描淡写（没过程，只有结果），倒是反套路的爱情线有点儿意思。文兴宇瘦高瘦高的……', '伟光正配音', '男主角的感情全线崩塌哈哈哈哈哈哈。', '源于一张照片', '截图https://weibo.com/1860774414/K5hGUv9Ru【孙淳青涩演绎《锅碗瓢盆交响曲》_忆当年感想多-哔哩哔哩】https://b23.tv/4Cqq5A', '两个女神级主演', '影像化保留了部分胡同和四合院风情👍', 'cctv6.', 'w', '剧情一言难尽，编剧简直想把男主往死里整啊。。几个女演员是真漂亮', '八十年代，挂历电影。（美人如玉，明星英雄）', '主线80年代初搞改革，经营饭店的故事。副线突出男主角的情路坎坷。叙事从容，比眼下很多生活流电影好很多。评:3.7星', '改革叙事', '剪辑非常利落。感情主线有不少刻画生动的点。但男主角的感情转折过于迅速，让观众措手不及，哑然失笑。', '“只要不灰心，完全可以干出一番样子。”特别有棱角的一部好作品。男的主动给女的背包是一个用心的八十年代初的细节，在査建英的《八十年代访谈录》文前照片中有描述：“七十年代末八十年代初，媒体大谈妇女解放，妇女半边天，那几年北京街头公园里，男的给女的背包，给女的打伞一度成为靓丽的风景。”', '剧本不错，情场失意', '殷亭如', '不掺杂乱七八糟的象征隐喻，尝试推陈出新的《锅碗瓢盆交响曲》是真正的小市民悲喜剧。你瞧，在充斥着阶级斗争的春城饭店里，它对官僚主义的批判都是和风细雨。影片借男女命中注定的爱情提出了一种新的可能性。但在提倡门当户对的八十年代，亦在姑息养奸的腐朽教条下，这跨越阶层的自由恋爱怕是不可能了。尽管这一现实主义打底，理想主义加持的整顿思路无力撼动国有企业的根基，但它却加快了资本主义和私营企业的兴起。看看如今的996，看看如今的某报社，不过，这锅碗瓢盆碰撞出来的声响倒也是「蜉蝣们」的福音，在改革者与领导人发生不可调和的冲突之后，作为旁观者的知识分子也给被撤职的下属，以及被困在系统里的《马路骑士》指出方向：与其在体制内煎熬——成为难吃的大锅饭里的一粒小米，不如带着远大的抱负、先进的思想和激荡的青春另起炉灶。', '80年代的北京多美呀，人也朴实厚道，再也回不去了', '20210415高铁上看。改革时代的一朵小浪花，年轻的孙淳。', '轻松幽默的城市画卷', '那个年代的人都很朴实，再也没有80年代了。片子各方面都很好，唯一不足就是人物感情变化莫名奇妙。', '喜剧谈不上，但是蛮有意思的。整部片子围绕牛宏的改革和阻挠叙述，呈现了文革之后的保守思想残余。同时，另外一条线是牛宏的感情，他喜欢刘俊英，可人家订婚了，他虽然不太喜欢前女友和石心菊，可是没有好的，就将就一下，结果都竹篮打水一场空。整体而言，他对待感情既没有勇气，也没有主见，最后落得这样的地步也是活该。一个人再有能力，在感情上是个侏儒，也是非常不得志的。', '事业得意，情场失意😅', '配乐很好听。 八十年代的一切都是泛着金光的。', '缺点够多优点也够多，让人思考为什么如今日新月异的年代却失去了当年想要改变的坚定', '滕文骥作品。殷亭如好漂亮。', '鸡毛蒜皮点屁事也要拍成电影，浪费人民血汗钱！可惜了大美女陈烨演这样的烂电影。', '既要马儿跑，又要马儿不吃草，说的是鼓励年轻人去闯，去干，真干好了又眼红要扣帽子割韭菜，见不得有能力的分钱分房。于是又把能人给撤了，开不完的蠢会，说不完的片汤，这么多年了，像电影中牛经理这样的不是正在坐牢，就流亡海外，死的死，残的残，到头来一波波逆淘汰结果就是重回老路，好不容易迈出去的步子又缩回来，就这，还自称盛世呢，想跟发达国家比又不动真格的，文明与野蛮，理想与现实至少今天看，仍然不过时的电影', '天呐好漂亮', '挺好', '1985.07.29']","['https://img2.doubanio.com/view/photo/m/public/p2538665661.jpg', 'https://img2.doubanio.com/view/photo/m/public/p2465082412.jpg', 'https://img1.doubanio.com/view/photo/m/public/p2726282888.jpg', 'https://img1.doubanio.com/view/photo/m/public/p2614844607.jpg', 'https://img9.doubanio.com/view/photo/m/public/p2610154635.jpg']",./data/post_video/滕文骥/锅碗瓢盆交响曲/image,"['https://img9.doubanio.com/view/photo/sqxs/public/p2521774966.jpg', 'https://img1.doubanio.com/view/photo/sqxs/public/p2646691488.jpg', 'https://img2.doubanio.com/view/photo/sqxs/public/p2726282973.jpg', 'https://img9.doubanio.com/view/photo/sqxs/public/p2726282545.jpg', 'https://img2.doubanio.com/view/photo/sqxs/public/p2726282543.jpg']",./data/post_video/滕文骥/锅碗瓢盆交响曲/image,[],./data/post_video/滕文骥/锅碗瓢盆交响曲/video
生活的颤音,https://movie.douban.com/subject/1483903/,滕文骥,滕文骥,"['史钟麒', '冷眉', '项茔']",7.0,921,"好于30%音乐片,好于30%历史片",剧情/音乐/历史,中国大陆,汉语普通话,1979,107分钟,INF,INF,"['记得79年在中央民院看时，片头起时掌声雷动', '国产银幕破处之吻，举国轰动，朝野震惊。卫道之士痛心疾首，小青年们奔走相告。影院场场爆满，票房轻松破万。', '- “你该睡觉了” - “不！我刚刚醒过来。”……冷眉，中国电影演员。从小喜爱文艺，能歌善舞……1979年她拍摄了电影《生活的颤音》，轰动全国。1980年和黄梅莹，刘文治共同主演的影片《苦恋》，此片当时因政治原因被禁演至今，1982年又主演了影片《金鹿儿》等影视剧。之后离开了银幕，1989年移居澳大利亚悉尼至今。至于男主角史钟麒，据作家陈燕妮在她书写的《遭遇美国》这本书中介绍：史钟麒80年代去了美国之后，一直生活在纽约，没有再演戏，而是在一个韩国人开的制衣厂里担任技工。史钟麒向来手巧，早在上海的时候就曾经为上影厂的老演员高博做裤子非常成功。所以史钟麒在这家厂做打板工还做得挺好。不过仔细想想，一个自幼学芭蕾舞出身，又曾在中国银幕上熠熠闪光的俊美男星，跑到美国去做技工，也不知心里究竟是何感受？', '4.5 被时代束缚和现代低估的一部片子，如今来看实在太有趣味和意味了。“哀乐之城”的爱情故事。注意几个空间的趣味和人物情感变化，珊珊第一次见长河回来，时间已过夜里12点，她救长河回家也已深夜两人走在空荡荡的北京城。我想在那个时候电影表现“夜生活”是少的。谁能想今天的北京。小西天出来一个大爷推着自行车问我“小伙子刚才那个片叫什么？”我：“生活的颤音“我又问句”你觉得怎么样？“大爷：”很好，很好，你们年轻人不知道，那时候就那样。“我：”我非常喜欢这个片子。“大爷：”谢谢。“我：“谢谢”', '还原四五运动前后的社会氛围和其下的个体表现，特定历史气候下的反思和勇气。回忆部分黑白画面，现实及憧憬部分彩色呈现，反映了当时人们反抗压制、渴望自由的美好愿望。遗憾的是，40多年过去了，那些幽灵仍然阴魂不散、蠢蠢欲动', '看得出创作者用足了心思，希望通过视听语言来强烈地烘托情感，也确实很饱满，前后段同样的影像通过配乐、叠化等手段使开篇结尾的情绪全然不同，丰富的机位变化渲染了一些大场面。颜值真高，音乐真好听，既有年代感符合中式审美，又很舒服有层次感，现在听起来也不过时。彩色影像部分能看到当时北京街景', '郁结南京阴沉气，血染风采天安门，且看英雄碑，山之上，有国殇”', '《生活的颤音》：西影厂第四代的初亮相，中影史上具有跨时代意义的作品，终结了新中国电影的“无吻时代”。既是流行影像志（衣食住行），又是历史纪念簿（四五运动、文革结束）。由于当时条件所限，技术欠奉，但却有着真挚的情感和流畅的节奏。映后，小滕还透露老滕客串过一个镜头，嫌自己演太差。', 'http://www.m1905.com/vod/86377.shtml；镜头语言简单粗暴；舅舅是个革命斗士就一定要塑造成鲁迅么？打人者就非要来个大仰拍打底光么？当然，绝对不可忽略那非常突兀陈旧的拉伸镜头！悲惨岁月是黑白的，自由年代是彩色的，这样色彩运用还是值得肯定的；竟然采用了分割画面&定格镜头，这个实为难得..', '聚焦文革后期周总理去世到四人帮倒台时段的伤痕电影，小资文艺女青年被革命分子演奏家吸引，进而甘冒风险走出自己的舒适区、投身到政治理想中去；“四五”运动中政治、爱情、阴谋以独具时代特色（局限）的方式扭结，情节大张大合，情绪大起大落，观感复杂，有尬点也有认同点；视听语言的先锋探索，悲苦回忆黑白片＋自由如今彩色片，快速变焦镜头洪尚秀看了都害怕，分屏、叠化、定格、过曝等手法简直印象＋诗意现实主义，不过机位打光上还有样板戏痕迹；昨今连看两部小提琴手的片子，真是巧合，东西方的影像、情感对比有意思，且女主都是主动一方，那一吻算得上惊世骇俗；主角男帅女靓夫妻相，人生导师舅舅的造型照鲁迅来的，妈妈边说你坐坐边开门送客真幽默；盛中国逝世纪念放映@资料馆，片中独奏是盛的版本，我也是听他的小提琴协奏曲《梁祝》长大的。', '极其大胆，一部在特定时间出现，又不可再现的片子。', '三星半，算是重大题材了，高知、高阶位家庭的遭遇，拍得很精致，黑白彩色交织，分画面、叠加、溶解这些用得很娴熟。女主角长得有些像刘涛。如果把这个故事看成一个隐喻，类似莫比乌斯带，它就是通的。', '小时候看的。男女主角在当时是中国男女演员中的翘楚。史钟麒是中芭的芭蕾舞演员，有那个年代的人少有的艺术气质。而冷眉长得很洋气，也不象那个时代的人。所以这个电影基本上第一次让我觉得，啊，还有这种样子的男人女人。', '很小的时候看的，当时就觉得跟当时的其他说文革片有不同，女主更接近生活，更美丽，不那么革命的样子。', '昭和电映和旧上海电影厂的手法 相隔 40年和西影 的吴腾联系起来，80年代开始了', 'tag:大陆，1979。今天看也算是一个大神片，大闪回结构（彼时还没发明出死于“不可抗力”的爱人/友人的伤痕电影叙事策略），用反特片-地下工作者片的类型模式，加上一个三角恋的爱情主线（早于《庐山恋》的“新时期银幕第一吻”），正面写“四五运动”（搭景+景片再现天安门广场，《天安门诗抄》+四月影会），调用《十里长街》影像，用音乐做斗争武器明显是参考了《奇普里安·波隆贝斯库》，以及其中彩色段落表示“想象”的用法（略带点左岸派观念）也很像《奇》一片；家庭音乐会被破坏一段，简直苏联蒙太奇学派（默片拍法、广角、冲突、定格）。舅舅鲁迅造型；文革血债；盛中国代拉小提琴。可惜结尾音乐会段落完成得非常不好（其实反映出音乐构思上面还不完整）。', '伤痕电影，四五运动，黑白回忆与彩色现实交叉、升格定格等探索手段，一场音乐会上的回忆，以心理活动为线索结构全片。最成功的尝试在音乐故事片的整体构思上，注重音乐旋律节奏与画面、与人物内心情感之间的关系。内心独白，急推急拉，79年的鲜明特点。第一缕春风下的现代生活', '故事结构实在很抱歉。 原谅我受不了跟跳拉丁似的那种变焦，还有爱移不移的移动镜头，以及居然有点话剧腔的台词，哪怕他开的是风气之先。 ——也原谅他们十年没片子可看可参考。 之外，我们希望我们只悼念亲人，不悼念伟人。', '政治音是多么毁电影，影像表现十分了得。', '这是一部音乐电影。所以如果你不投入的话，没有感情带入会比较难入戏。边看边想，难怪男女主角89年之后就出国了。演了这样的角色，在当时决然不会留下了。', '社会学意义超出美学意义。', '黑白彩色对比在那时很流行吗，快速变焦很流行嘛，分屏叙事很创新嘛，定格很带劲嘛', '#资料馆留影#那一吻在如今已太过平常，但不难想像对那时人们的巨大冲击。那些疯狂的年月远去了，那时的愤慨与冤屈似乎消失了，但又有什么遗失了什么又留到了现在，想想让人惶惑。以史为鉴，才能更好明白如今我们所处的位置。另：盛中国的小提琴太感人。', '中国银幕初吻', '十一届三中全会厚首次表现1976年「四五运动」是其历史性意义。但视听语言放到今日真是难以忍受：急推急拉的快速变焦、用到滥的大特写、还有开篇交代背景的镜头太杂乱无章了。PS：今晚顺便见到了滕文骥的儿子滕华涛。', '七十年代, 一灯如豆', '快速变焦实在用得太多，而且是同一场景', '资料馆修复版. 在镜头语言上非常多的想法，完成度虽然欠缺，却是明显现代范十足：跳切、叠化、定格、失焦、变焦、分屏、彩色与黑白转换、摄影机对准街景与民众。这样看来，意识到了，新中国银幕第一吻倒也是水到渠成了。纪实意义很重要。不禁感慨，一代代人在不断塑造着时代，而时代的不同终将成为我们之间无法跨越的鸿沟：四五有多么光荣，六四就有多么惨烈，它们共同搭建起的今天又有多么复杂。最喜欢冷眉望向钟麒的那一刹那，黑白变为彩色，她所幻想的与他的往后徐徐展开。She saw the signs of a lifetime. （冷眉告诉我要打五星！）', '不知为什么，我真想把心里的苦闷都告诉你——在听过《生活的颤音》之后，谁还能说中国电影没有新浪潮!？时代交替之际，以滕文骥吴天明为支柱核心的「西影厂」推出了一大批「姗姗来迟」的新电影。这个新显然不是技术上的新，而是精神面貌上的新。事实上，本片在叙事上恰恰是拙劣而粗糙的。作者深知自己技艺上的不足，因此将作品归为「音乐剧」门下，而弦外之音正是恋人们的暗号。尽管十年浩劫已趋于平静，但文革遗毒仍在体制内制造着隐痛，这部作品受到彼时强烈而难以抑制的左翼思潮影响，真挚、简洁而又极富诗意的台词铿锵有力，既有思悼之哀，亦有重生之喜。本片强调文艺志士的联动共振，瞧瞧那一朵朵纯洁的小白花，在《早春二月》的紫禁城里，仿佛真有一种永不凋谢的倔强。谢谢你，这么直率地跟我讲心里话——再见，你该睡觉了——不！我刚刚醒过来。', '电影手法不如同年出现的杨延晋《苦恼人的笑》高妙，但也做了很多尽管如今看来有些笨拙的实验：旁白、闪回（黑白彩色相间，回忆、幻想并存）、叠画、定格、分屏、变焦（当时变焦刚开始大规模使用，有滥用倾向，如两年后的《伤逝》）1.音乐传达情绪与创造节奏的力量。小提琴协奏曲创作过程贯穿全片。', '1979年 北京', '1979年的创作自由度啊。', '那个时代的电影，主旋律的好明显。各种不适应。不过还好，文艺气息浓郁。思想进步。有几处场景不错。周围的大叔大妈们，我真没经历过那个时代，所以请原谅我犯困打哈欠。', '#舞台是你的阵地，不要丢掉。 #我们都喜欢十八、九世纪的音乐 但不要沉进去 不明白为何总有人以现在的美学理念去评判曾经技术条件下的作品。 谨以此片纪念盛中国先生。', '豆瓣牛逼，把我短评都抹了。“这两天别上那不能说的广场去！有消息！会有大动作！” 冷眉这种款的女演员，现在几乎绝迹了吧。后四五，前四代。', 'w', '一个还未走远的时代。', '让人心颤的小提琴', '半部好戏。前半部的展开节奏把握得非常好，到中段开始变得乏力，直到最后，也没有一个大高潮推起来（还以为能看见四人帮倒台）。此外演员们一字一顿地念台词真是相当出戏。', '两个导演就导了这样一部电影？本身用比较深沉的音乐奠定影片基调，结果大量的使用快速变焦镜头，电影内部节奏和基调的对比十分突兀，在塑造人物方面真的是极差，镜头语言表现不好人物就算了，但是对白也写的莫名其妙，使人物行动和人物关系都变得莫名其妙，用力过猛的想去营造情绪氛围，但不论是镜头还是人物，包括故事情节都很糟糕，本身是可以很好的利用音乐成为影片特点来贯穿整个结构、推进叙事的，结果把这样一个特点也给毁了，看完电影感觉像听了几遍小提琴曲就结束了，没有任何关于剧情留下的深刻印象，剧本居然也是滕文骥写的，真不想说这故事其实本身就很差，为何不直接改名为总理的追悼会，这部电影真的是目前看过的国产经典电影中最让人一言难尽的一部了', '进场时已经晚了些许，抬头看片头的画面听着背景那嘤嘤的琴声恍惚间竟有一种昭和年代日本电影的错觉，但是一入黑白光影，家庭室内戏对白一出来，忽然又觉得是民国三四十年代中国电影的调子，隔了三十余年藕断丝连的承传到了八十年代前夜。那个时候的中国电影真好看阿。彼时彼刻，恰如此时此刻么？', '围绕着小提琴协奏曲拍的一部mv，台词演技无一不僵硬，女主角倒是很美。。', '项堃老师全家参演。冷眉只有25岁的话，可真显成熟啊', '刚开始摆脱僵化的影戏形式 模仿现代电影语言 于是就呼啦呼啦全招呼上了 叠影分屏虚焦推拉镜头蒙太奇黑白彩色交替能用的都用上 除了混乱就是繁琐 用力过度 然而演员表演并没有摆脱样板戏痕迹 主题先行没什么好讲 其实我也没认真看', '全篇的音乐流动性很强，结构也由纪念周总理的小提琴协奏曲的演奏和创作串起。回忆当下和对未来的想象很清晰地用了三种色调，钢琴伴奏和小提琴演奏家代表着历经那个时代的两种文艺工作者，一个为了保全小家而选择懦弱和沉默，一个为诚实吃尽苦头却以琴为杖继续勇敢战斗。结尾是在慷慨激昂的乐章部分重复了开头的城市街道景观与对美好生活的幻想，正是生活的乐章，生活的颤音，关于哀思、呐喊和向前进。看了这两个片子之后我发现这个时段的电影有三个比较有趣的点：1.都有计谋请病假的情节——藉此逃避压力和束缚；2.表现群众情绪和场面时用分画；3.特别多的人物特写和眼部的大特写——表现苦闷，对诚实的渴求，呐喊的冲动', '音乐故事片。 每当一听到这首曲子，我的心就颤抖。', '人物的塑造，情绪的表达，镜头语言的运用，艺术的表现力和主题的深刻性，比不上2年后的《小街》，电影的可贵在于距十年动乱结束三年内，就敢于对文革进行直白大胆的批判和反思，异常勇敢。冷眉的横眉冷对和笑意盈盈，小提琴曲悼念周总理的凄婉哀思，令人难以忘怀。', '跳看。各种面部近景镜头显得虚假至极。当电影沦为政治的工具，还有何审美可言。', '你那么努力当魔法少女，那个拉小提琴的知道吗？#有奇怪的东西混进来了#', '伤痕，反思，真诚，理想主义情怀，抒情太过']","['https://img9.doubanio.com/view/photo/m/public/p2613532666.jpg', 'https://img2.doubanio.com/view/photo/m/public/p2613532663.jpg', 'https://img2.doubanio.com/view/photo/m/public/p2581623561.jpg', 'https://img9.doubanio.com/view/photo/m/public/p2533852664.jpg', 'https://img1.doubanio.com/view/photo/m/public/p2529114869.jpg']",./data/post_video/滕文骥/生活的颤音/image,"['https://img1.doubanio.com/view/photo/sqxs/public/p1745363397.jpg', 'https://img2.doubanio.com/view/photo/sqxs/public/p1745355952.jpg', 'https://img3.doubanio.com/view/photo/sqxs/public/p1745355870.jpg', 'https://img9.doubanio.com/view/photo/sqxs/public/p2869831675.jpg', 'https://img2.doubanio.com/view/photo/sqxs/public/p2105605502.jpg']",./data/post_video/滕文骥/生活的颤音/image,[],./data/post_video/滕文骥/生活的颤音/video
棋王,https://movie.douban.com/subject/1303002/,滕文骥,阿城/滕文骥/张辛欣,"['谢园', '李辉', '段岫', '任鸣', '赵亮']",7.1,1865,INF,剧情,中国大陆,汉语普通话,1988,88分钟,南方边陲小镇，绰号“钉子李”的老人自恃棋艺高超，他将老将钉在棋盘上，声称无人能令他拔钉挪将，独孤求败。在那个特殊的时代，百万青年上山下乡。小镇新来的书记（牛犇 饰）输棋后愤愤不平，派下属去城里寻找擅长琴棋书画的人才。外号“棋呆子”的北京青年王一生（谢园 饰）稀里糊涂成了破坏文化大革命的现行反革命，最后被寻找他的人救了出去。他似乎对所要去的地方根本没任何想法，只要有饭有棋就一切都好。“何以解忧，惟有下棋。”呆子一心只在棋局，他将在那个陌生的所在和各路高手留下令人神往的对决……本片根据阿城的同名小说改编，并荣获1989年度金鸡奖最佳男演员奖（谢园）。,"['主竞赛单元 金狮奖 (提名)', '金马奖 最佳剪辑(提名)', '最佳男主角']","['现在很多人都在拼命赚钱，那个时代，多数人都在想着如何活下去，哪怕是天赋异禀的棋王。一开始在火车站抓人时还看到了倪大红', '我参演的配角', '没有港版那么浓重的红色恐怖，更多的是第四代那种刻意的沉重。与梁家辉相比，谢园的悲壮感和荒谬韵味都差了一些，其实他拿出《孩子王》中的七成就行了。', '看似粗糙，棋落稳到，蛮好蛮好。', '知青生活拍得很真实，夜烧农场的大场面和知青下山的长镜头很漂亮，于是最后的车轮大战才有人性的光辉，原作的神髓这就出来了。不好的地方是有些镜头运动的莫名其妙，如棋王说师承那段，还有脚卵的北京口音。那时的传统建筑和棋理的分析，现在看来别有味道。', '看完只有一句话印象，蛮好蛮好', '脚卵这演员明显不是上海知青．电影毕竟不如小说原著.谢园演得还行，勉强给四分。 http://www.douban.com/group/topic/11424355/', '居然被火山粉举报得删评，我还是那句话，这部虽然拍得一般，但的的确确比港台的好，写实还得看大陆，片子对ZQ生活和原著精神的表现可给四星，为其平实质朴再加一星。港台那版借题开脑洞的脸谱化滑稽戏就别吹了，堆点ZZ符号、搞点含沙射影就叫深刻、格局了？什么时候格局这么不值钱了？玩笑不是那么开的，难怪如今塞点象征隐喻的就敢封圣称神。', '2012Sep17，吴中路117号，豆瓣在线播放。（豆瓣想看）', '看过原著 这电影就太差 当年的拍摄技法和设备用现在眼光衡量完全无法拍像样 但80年代的电影配乐普遍前卫 郭文景', '看完《孩子王》再看这部，落差有点大，相形之下，陈凯歌拍了一部有自己美学追求的「电影」，而这部却只满足于将文字机械影像化（且几乎虚焦了时代背景）；电影层面实在缺乏功力，除了乡间原始生态呈现的质感（这点好评，小镇的青石板路与建筑太美了），光线层次几乎没有，开场一刻钟之内尤为明显。比起港版的放飞与脑洞，显得稳健有余，灵动不够；不过车轮战场景拍得甚是惊心动魄，隐隐有武侠风，巷子里的来回指代时间流逝。阿城太喜欢「火」的意象了。', 'http://www.56.com/w46/play_album-aid-8647987_vid-NTQ3MDUwODQ.html', '第三遍《孩子王》后，就想顺便看下《棋王》，犹豫过后，还是优先选择了同谢园主演的版本（评价较低、优酷在线、可惜没中文字幕帮助理解部分听不太明白的台词）：影像粗糙，大量阴暗缺光乃至黑屏不见人影的画面实在影响观影（记得 吴天明《人生》里也有类似段落），以至于半夜看得昏昏欲睡……白天重看，观影效果好点但也强不了多少。……对象棋痴迷的王一生（“何以解忧，惟有下棋。”）→对电影和音乐热爱的Panda（“看电影，听音乐，至死，哈！”）……-9699', '显然是以“棋”为中心的 整部电影就是讲述了一个特殊年代的象棋故事 这一点是完全尊重原著的 核心还是在于棋的若干改动显示对于传奇性的排斥 和对于现实性的突出 将故事发生的社会背景展示得真实而完整 以上这些改编代价换来的 则是一种20世纪80年代大陆所允许的 温和的 合情合理而中规中矩的知青记忆', '倒是忠于原著了，场景，人物，对白和小说里几乎丝毫不差，但感觉大相径庭。同样的东西， 用文字和影像表现出来差别是那么的大，倒是挺耐人寻味。这点上是张艺谋更老道一些，<大红灯笼><活着>的原著被他改编得就很有味道。谢园的演技不错，值得称赞。', '和港版相比各有优劣吧。这个版本更贴近原著，更深沉厚重，还带有几分80年代的原始野性。谢园的发挥没有《孩子王》好（连续看了两部之下的对比更加明显）。原著里两个最能表现王一生的桥段是火车进食和车轮大战，这两段谢园的表现都不如梁家辉。（这个版本甚至没有拍出火车进食） @上海天山电影院', '1988版《棋王》改编自阿城的同名短片小说，由滕文骥执导，谢园主演。看过两版《棋王》，很难不把谢园与梁家辉的表演进行比较。谢园的表演含蓄隐忍，不显山露水又有中国人自嘲式的幽默。而梁家辉的王一生则抓住了“棋呆”这个特征进行表演，梁的棋王更惊天地、泣鬼神，最后的十番阵让整部电影的气氛直冲云霄，谢园这版棋王则朴素，有一种返璞归真的质朴。各有千秋吧，我更钟爱91版。', '原著太厉害了，所以觉得拍得还不够，结尾也显得有点草率，山上风景挺不错的', '每部片子都要来一下被异性撞见衣冠不整吗。谢园身材不错。全国人民只有上海人有口音。倪大红那是还叫倪大宏。电影情节像是几段拼凑，不统一连贯，也没来由。知青和下棋都表现得浮于表面。', '听过一部分电影录音剪辑，典型的大陆无情节的作品。男人洗澡时，刻意盯着自己裆部看；女人只穿胸罩露后背——这就是当年中国大陆的文艺片。', '时代感还原的满分！但是，导演夹带情怀私货太多，已喧宾夺主，反而原文里棋战的爽文感，被大大的削减了！光影对比运用的也过了头，拍成了一坨碳！', '两版棋王，梁家辉痴，谢园呆。与港版的冷静比起来，陆版更有一种属于八十年代的生机勃勃。', '感觉比港版好，港版的现代线剧情莫名其妙。', '一辈子塑造普通人的，是最不普通的。', '纪念谢园，痴迷专精，足够优秀。电影差在气韵，文学转化成电影做得不彻底，没有自己的一套东西，导致会和阿城原作直接对比，那自然是比不过的。和之后严浩港版比也不如，比起港版对民族国家的直给思考，此版显得讳莫如深模棱两可。', '知青生活更多是无聊，荒芜，下个棋全镇围观也是闲。烧树烧得我心疼啊。“人活着要有盼头”那个真匠人/艺术家心态结论完全没体现粗来……', '原来的片子很多文学作品改编 与现在的主流编剧方法相去甚远 故事零散没有主线 主角也没有目标 更像是按纪录片的时间线走 同样是大山里知青背景 与《孩子王》相似 如果按后来的标准来拍 应该会是一个不错的商业片 谢园真是当时得香饽饽 段岫美 竟有点整容脸的feel 尤其山根', '在时代背景、美工道具和人物形象上这部跟后来1991年那部比更接地气~港台版的娱乐性和趣味性更强，故事内容和人物设定更立体多元，迎合了院线商业电影观众的喜好~能拍这类题材的电影实属不易~', '棋谱上都说了，这《棋王》是借男女之事讲阴阳。可惜，这些上山下乡的「棋呆子」根本不懂「乾坤大挪移」如何操练：既不会用阴阳来调和男女之事，也没有谈情说爱的闲情雅致。因此没有《后翼弃兵》这个招式，标题只是一个讽刺。同样是知青题材，滕文骥对于《棋王》的处理并不比《海滩》做得更好。但阿城的文本加上他的指导却颇有「偃旗换帅」之意，男主明显是个独孤求败式的人物。无论前辈还是同辈，他都找不出棋逢对手的人。所以，浴火中有些东西烧没了，有些东西却历久弥新，从这个角度看，同年张艺谋与莫言的「处女秀」便真是后浪推前浪。最终在这眼需要子孙挖掘的《老井》里，每个人都成了这盘「乌棋」上的祭品，将帅们的目标是打天下占山头，而兵卒们的欲望就是吃红利。曹操在《短歌行》里说了，光吃蛇肉不顶用了，该给姑娘汉子喝点儿《红高粱》酒了。', '除了有当时的时代印记外，并没有拍出棋王二字，早知道应该看港版。妹妹挺漂亮，看完时搜索过，现在连名字都不记得了。5.7/10', '用以此片描绘那个年代的百姓生活，只不过拍的活像个情节剧，标准剧作法，也就最后高潮段落的配乐平添几分气势。', '1阿城的小说写得很是传奇，关于传统文化里的传奇人事，和冯骥才的又有不同。要拍成电影确实很难，电影基本跟着小说来，略有改动，工工整整，但缺少神韵。2王一生和脚卵，一个来自底层一个来自知识分子层，都是下乡知青，都有一副祖传棋，没有明确的好坏，但两人选择略有不同，王一生身上有着根植于民间的精神内涵：一是生存之道，吃是俗世生活，下棋是精神生活；二是文化之道，儒释道的精神合体；三是为人之道，无为的人生态度和有为的创造力。3作为寻根文学的代表作，小说的语言精简质朴且灵性精彩，电影的语言相比还是差一点。一定要看小说：脚卵的形象、最后王一生的车轮大战九人，太精彩了！可惜，比起阿城小说里的文化传统之根，现在可以算是一片“文化废墟”了。', '20181202le。滕文骥的电影有些保守，对时代的着墨不多，但依然能感觉到喷薄欲出的第五代导演的激情，可能都是西影的吧，音乐想起红高粱。谢园那时候比葛优火多了，两人都是演技派，风格也很接近，可惜机遇不同，时也运也。', '#天山#乱世棋子，又何止悲壮。', '电影本身还不够成熟，主要是导演和摄像的问题，也和当年的设备与资金有关。当然了，也和那时候的主流拍摄方式有关。这部《棋王》是去政治化的，梁家辉的《棋王》是再政治化的。各有千秋，但本片确实在商业性上差了一大截。而梁版也确实不是文艺片。', '还是感觉严浩版的更适合观影，内地版的鼓点比较沉闷有力。倪大红一瞥的群众演员被我看到，彼时叫倪大宏？', '原著写的惊心动魄，可惜在电影最高潮时，导演过于写实，全靠音乐导向高潮，让原著的感染力消失殆尽。其他情节都还好。滕文骥拍东西高潮部分的渲染总是欠火候，《海滩》也是如此。再看看徐克版的吧。', '未见「棋」，更不见「吃」，哪来「王 一生」？即便剧本都一字不差地取自原著，也算干净利落，但还是难出其神韵。影像非常绘画构图意识，配乐也挺前卫，很那个时代的美学风格。', '【Masterpiece】#84# 45st威尼斯主竞赛。谢园饰演的王一生下棋的时候浑身散发着理想自由的光芒和精神追求的痴狂，就冲这一点这个角色的塑造就无法超越。同时这片分数有点儿低了，音乐到位，情节大胆还原，人物群像贴合时代背景，ZZ博弈的棋子，总之很对味儿，结尾尤佳，相比前面的情节其实可以更好一些。', '的确搞错了重点。谢园挺好的。', '无字幕我竟然听不清~~~~~~~~~~~~~~~~~~什么人', '下午看了《棋王》的小说，晚上看电影…这种看法总是会感觉电影拍得不够劲儿，新加的几个桥段都蛮没意思的。', '比小说要散，男主也比读小说时想象的样子要正常的多， 可能更像是“我的知青生活”，只是选了一个会棋呆子来说多几句。 但最后那段下棋车轮战还是挺抓心的，才觉得小说有点回来了。 201512', '我记得，这个比较原始野性', '后来才知道阿城，几个×王都是写的极好的。台湾也有一本小说《棋王》，后来徐克和严浩根据这两部同名作品又拍了一部电影《棋王》，融合了两地的故事，据说有点生硬，反倒没有大陆版的保守而留有韵味。', '我先看的是台版后看的这个版本，这个版本略差，但时代刻画很有见地', '阿城的笔力深厚，改编稍不佳则差之千里，比如本片，虽情节不少但难称丰满，张力不够。再加上年代久远，光影之间昏暗蔓延，正如所描绘的那个时代，只剩少量镜头可以得见谢园表情与表演，难以参照评价。难得一次看过这许多后来明星年轻的脸，谢园绝对练过，体脂率全摆明面了。', '一板一眼的改编 多了一丝说教意味', '还是严浩导得好点，梁家辉演得牛点', '改编的蛮好蛮好（模仿脚卵的口吻）。千言万语都在谢园黝黑紧张结实的肌肉骨骼线条和尴尴尬尬的表情动作中了，光着膀子跟书乡门第大户人家出身的脚卵相识斗棋一场，甚至比原著中更多读出了一丝自卑和傲气。真的还蛮难想象这样一个角色让梁家辉来演的😂']","['https://img3.doubanio.com/view/photo/m/public/p2536492450.jpg', 'https://img3.doubanio.com/view/photo/m/public/p2375929640.jpg']",./data/post_video/滕文骥/棋王/image,"['https://img9.doubanio.com/view/photo/sqxs/public/p2844778794.jpg', 'https://img3.doubanio.com/view/photo/sqxs/public/p2844778780.jpg', 'https://img1.doubanio.com/view/photo/sqxs/public/p2844778777.jpg', 'https://img2.doubanio.com/view/photo/sqxs/public/p2844778773.jpg', 'https://img2.doubanio.com/view/photo/sqxs/public/p2844778772.jpg']",./data/post_video/滕文骥/棋王/image,[],./data/post_video/滕文骥/棋王/video
春天的狂想,https://movie.douban.com/subject/1758212/,滕文骥,何平/滕文骥/武寒青,"['邵兵', '瞿颖', '袁泉', '朴阳', '李勤勤']",7.1,396,INF,剧情,中国大陆,汉语普通话,1998,110分钟,音乐家赵黎明童年生活在北京一个宁静的四合院中。他与同院的女孩苏雨是好朋友。苏雨的爷爷是一位教堂的管风琴琴师，他教小黎明学习音乐。不久苏雨被父亲接回南方，那年冬天，苏爷爷离开人世。 几年后，黎明进入音乐学院，开始了音乐生涯。苏雨长大从南方到北京上大学，与儿时伙伴重逢，她同赵黎明、朴阳发生了一段感情纠葛，最终还是选择了黎明。此时黎明创作的歌曲已在全国广为传唱，深受人们欢迎。 不久，“文革”开始了，黎明下放陕北农村，他被陕北淳朴、粗犷的风土民情所打动，积累了丰厚的音乐素材。“文革”终于结束了，黎明的音乐走向辉煌。,"['金爵奖 最佳影片(提名)', '最佳故事片(提名)', '最佳导演奖']",[],"['https://img2.doubanio.com/view/photo/m/public/p2572256082.jpg', 'https://img1.doubanio.com/view/photo/m/public/p2870180469.jpg']",./data/post_video/滕文骥/春天的狂想/image,"['https://img9.doubanio.com/view/photo/sqxs/public/p2572073624.jpg', 'https://img1.doubanio.com/view/photo/sqxs/public/p2572073619.jpg', 'https://img1.doubanio.com/view/photo/sqxs/public/p2572073608.jpg', 'https://img9.doubanio.com/view/photo/sqxs/public/p2572073634.jpg', 'https://img9.doubanio.com/view/photo/sqxs/public/p2572073625.jpg']",./data/post_video/滕文骥/春天的狂想/image,[],./data/post_video/滕文骥/春天的狂想/video
苏醒,https://movie.douban.com/subject/1498659/,滕文骥,滕文骥/徐庆东,"['陈冲', '高飞', '许还山', '智一桐', '张晓林']",5.9,120,INF,爱情,中国大陆,汉语普通话,1981,INF,1980年代，北京。外贸公司业务员田丹（高飞 饰）因引进设备出现问题，到火车站接技术员李非（张晓林 饰）时，意外遇见分别多年的女友苏小梅（陈冲 饰）。面对田丹的惊诧，苏小梅不为所动。李非对进口设备提出独到见解，副处长宋琪（智一桐 饰）对李非的见解不屑一顾，为找到原因，二人开始针对说明书展开运算。田丹再次见到苏小梅，两人亮开心扉，畅谈了分别后各自的生活。父亲田仲华（许还山 饰）发现儿子跟苏小梅的关系，从中作梗，他希望儿子娶副部长的女儿彭芳（屠茹英 饰），志趣的不同让田丹无法和彭芳交流。由于运算条件很差，田丹的运算遇到前所未有的困难，他硬着头皮求父亲疏通关节，父亲趁机提出了自己的要求......,INF,[],"['https://img9.doubanio.com/view/photo/m/public/p2706371575.jpg', 'https://img1.doubanio.com/view/photo/m/public/p2706371567.jpg', 'https://img3.doubanio.com/view/photo/m/public/p2538666970.jpg', 'https://img1.doubanio.com/view/photo/m/public/p2530515557.jpg', 'https://img3.doubanio.com/view/photo/m/public/p2520988020.jpg']",./data/post_video/滕文骥/苏醒/image,"['https://img1.doubanio.com/view/photo/sqxs/public/p2106873449.jpg', 'https://img2.doubanio.com/view/photo/sqxs/public/p2106873403.jpg', 'https://img2.doubanio.com/view/photo/sqxs/public/p2106873393.jpg', 'https://img1.doubanio.com/view/photo/sqxs/public/p2106873369.jpg', 'https://img9.doubanio.com/view/photo/sqxs/public/p1609791114.jpg']",./data/post_video/滕文骥/苏醒/image,[],./data/post_video/滕文骥/苏醒/video
血色浪漫,https://movie.douban.com/subject/1931974/,滕文骥,都梁,"['刘烨', '孙俪', '连奕名', '傅彪', '赵有亮']",8.8,57209,INF,爱情,中国大陆,汉语普通话,2004-11-30(中国大陆),INF,故事从文革后期开始，开始在地道的老北京城。钟跃民（刘烨）、张海洋（连奕名）、郑桐（马元）和袁军（刘亭作）是整天在京城闲晃的顽主儿。他们无所事事却有血性青年的阳刚之气与好学之心，当然他们的圈子里也有钟跃民拍婆子拍来的女友周晓白（孙 俪）。待父母平反，他们终于得到机会走出京城，参军或是下乡，到更远的地方去寻找梦想。儿时的伙伴四处分散，选择了不同的道路，初恋的情人也不得不离别。在他们最美好的十年青春岁月里，儿时的好友们各自历经坎坷，品味辛酸也收获着欣喜的成功。成长变化的是他们每个人，不变的是他们的友情和坚定上路的决心。如果人生是炼钢，他们是特种钢，是带有浪漫情怀的“老三届”。,INF,"['看了这个电视剧，觉得我们这代人没有什么青春。', '钟跃民的确迷人~', '这属于头重脚轻的，前十几集绝对好看，越看到后来就觉得有点儿不是那么回事儿了。', '多年以后终于看懂的片 原来他至始至终都只是在体验生活 爱别人 更爱自己', '钟跃民不就一混蛋么，至于这么往自己脸上贴金么。后十几集太难看了。', '陪我妈妈一起看的，刘烨在剧里太搞笑了，不过挺喜欢这种又认真又幽默的男人，孙俪演这个时期的角色造型都特别好看，感觉特别纯特别漂亮。必须五星', '钟跃民（刘烨）、张海洋（连奕名）、郑桐（马元）和袁军（刘亭作），不管哪一个，个个出彩。血性青年、阳刚之气，是情怀、也是年轻人的豪情！', '非常具有年代色彩的大戏，拍的挺用心！', '李奎勇死后，钟跃民看着他的床，开始出现奎勇的画外音和他们小时候发生的事情，他说，跃民，你相信人死了以后有魂吗？我相信……说到那里眼泪一下子就掉了下来，如果没有从头看下去是无法获得这样的感动的，给人感动的是时间，这些年怎么就这样的过去了。', '钟跃民是自私呢，还是自私呢？反正，我觉着吧，那个三陪女最伟大了。', '年幼时的浪漫情怀', '好喜欢那个年代，可以毫无顾忌，没有学业的压力，自由自在~~只是感觉剧集的剪辑有些问题，有很多地方转换比较生硬~~', '王力可当年参与拍摄仅仅17岁，这个貌似宁静的女孩，一出场我觉得至少27的心理年龄。其在与刘烨这样等级的情感演绎高手，展开激情对手戏中，可以完全掌控主动权，逼得刘烨嘴唇都不敢张开！ 女人的心理年龄远远大于其生理表象，越有深厚底蕴的就越是深厚无比。', '喜欢刘烨和孙俪', '不能感同身受那个年代的革命感情，却喜欢着里面的每一个人物。印象最深刻的就是里面的陕北民歌了，在贫瘠的黄土高原上唱上一曲信天游，苍凉高亢，热烈悲凉，酣畅的唱出了酸甜苦辣，使人听之落泪。就像钟跃民说的，陕北民歌之所以好，就是因为他带着一种压抑的凄凉，让人心理久久回荡……', '这几年追着看的国产电视剧除了武林外传炊事班的故事就这个了。', '那是一个时代。', '来标记一个马元。', '刘烨体现的就是在路上的精神', '让人迷恋的血色浪漫，看完剧仍意犹未尽。', '好看，一个时代的记忆', '伪写实，假崇高，强作英雄状', '很是操蛋，把原著改拧巴了', '周晓白是白羊座的吗', '看书的时候一直很纠结周小白无望的爱恋，对于这类偏执狂，我有些感同身受的同情。', '是个好故事，讲了一代人的命运；也有好人物，钟跃民的人生观简直是一个符号，周晓白对爱情的态度好像斯佳丽。美中不足是拍得差了点，副线太水；演技也不够，尤其是秦岭和叶楚良，一看到他俩磨磨唧唧的我就快进( ･᷄ὢ･᷅ )', '四星半，钟跃民这人真是让人又爱又恨。', '北京口', '有关文革的我怎么都这么感兴趣啊……', '教会我理想，又重新提醒了我什么是爱，觉得自己开始捆绑他，开始计较，开始索取和期待回报，开始担心他小气吝啬，我觉得自己很俗很恶心打心底鄙视自己，对自己的不满意开始想要对他更好，是啊，只想爱的别无所求心无城府，以他要的方式来爱他，我要做最适合他的女人这辈子他最忘不了离不开的女人', '刘烨最好的作品', '刘烨这太招人待见了哈。。。。', '钟跃民！钟跃民！火华哥你还记不记得钟跃民！', '有关系的，过程无论如何，结局都会幸福，没关系的，都死了', '唉，那叫秦岭的姑娘真是生的俊俏可爱啊，看得我心怦怦直跳。', '很好看', '快十年了', '刘烨演的挺好的，孙俪还是那个劲儿', '觉得此剧的中心思想就一个：龙生龙，凤生凤，老鼠的儿子会打洞。大院子弟，矫情贴金之作，过誉了。', '为什么他们没有在一起。', '不错，还挺好看的', '其实是看了书再去看电视的', '八旗子弟也曾有他们的血色浪漫，相同的历史总会以不同的面目出现.', '书也很好看', '电视没有书好看。。。。', '贫嘴刘烨', '！！！！！！！！！！！', '支持老乡！', '当年看了好多遍的电视剧……', '年幼无知的时候曾经特别喜欢，现在看来不过是一个男人的意淫罢了，血气方刚过，风华正茂过，大院里拍过板砖，山沟里讨过窝头，当过新兵，上过战场，做过英雄，勾引过高干大小姐，爱上过文艺女青年，世俗里独善其身，世俗外悲天悯人。是真特么浪漫。周晓白和张海洋结婚这个改动好，袁军真不适合她。']","['https://img1.doubanio.com/view/photo/m/public/p2045567577.jpg', 'https://img2.doubanio.com/view/photo/m/public/p2548040263.jpg', 'https://img2.doubanio.com/view/photo/m/public/p2548040223.jpg', 'https://img9.doubanio.com/view/photo/m/public/p2548040135.jpg', 'https://img1.doubanio.com/view/photo/m/public/p2548040068.jpg']",./data/post_video/滕文骥/血色浪漫/image,"['https://img1.doubanio.com/view/photo/sqxs/public/p2045567528.jpg', 'https://img9.doubanio.com/view/photo/sqxs/public/p1621014876.jpg', 'https://img9.doubanio.com/view/photo/sqxs/public/p2045568324.jpg', 'https://img1.doubanio.com/view/photo/sqxs/public/p1193463919.jpg', 'https://img9.doubanio.com/view/photo/sqxs/public/p2528011514.jpg']",./data/post_video/滕文骥/血色浪漫/image,[],./data/post_video/滕文骥/血色浪漫/video
日出日落,https://movie.douban.com/subject/1946960/,滕文骥,王凉/滕文骥,"['巍子', '孙逸飞', '邵兵']",6.8,255,INF,剧情,中国大陆,普通话/陕西话,INF,Canada: 103 分钟,日出日落一天天，花开花谢一年年……谷雨（巍子 饰）和他的陕北说书班子在陕西大地上游走卖艺，古朴的唱腔从历史萌发最终又落实在陕人现实生活中。青年夏至（邵兵 饰）的未婚妻因为油田清理玉米地时被炸身亡，万念俱灰的夏至带上女友的弟弟离开家乡，投奔谷雨的戏班。时代在发展，曲艺已经不再是人们唯一的娱乐，谷雨的戏班收入并不充裕，但碍于夏至的诚意，谷雨还是收下了他。戏班里俊俏多才的葵花（孙逸飞 饰）在演出前后免不了被个别登徒子骚扰，谷雨小心维护之，并且对葵花保有情愫。夏至血气方刚，面对前来戏班滋事的不良雇主拍案而起，但事态终于被谷雨平息，此时葵花却对夏至萌发了爱情，跑江湖的戏班生涯，这一对儿情人将如何自处？,INF,[],"['https://img9.doubanio.com/view/photo/m/public/p2871635314.jpg', 'https://img3.doubanio.com/view/photo/m/public/p2509513250.jpg']",./data/post_video/滕文骥/日出日落/image,"['https://img3.doubanio.com/view/photo/sqxs/public/p2510498870.jpg', 'https://img9.doubanio.com/view/photo/sqxs/public/p2463364616.jpg', 'https://img3.doubanio.com/view/photo/sqxs/public/p2463364530.jpg', 'https://img1.doubanio.com/view/photo/sqxs/public/p2463364527.jpg', 'https://img9.doubanio.com/view/photo/sqxs/public/p2463364525.jpg']",./data/post_video/滕文骥/日出日落/image,[],./data/post_video/滕文骥/日出日落/video
二胎时代,https://movie.douban.com/subject/26266571/,滕文骥,费慧君/李晓亮/刘小念,"['王晓晨', '蒋毅', '米露', '杨菲洋', '陈亦飞']",6.4,2763,INF,剧情/家庭,中国大陆,汉语普通话,2015-07-14(中国大陆),INF,本身还像小孩子一样的80后妈妈金灿灿（王晓晨 饰）泪眼婆娑地将女儿陆馨儿送入幼儿园，当惯了全职妈妈的她踏入陌生职场，接二连三的挫折让她倍受打击，而就在此时二胎政策让金灿灿刚刚沉寂下来的母爱大爆发，于是突发奇想打算再生一个孩子。她的这个决定可真让全家大跌眼镜，首先丈夫陆晓东（蒋毅 饰）好不容易从前期的育儿之战中解脱出来，正准备全身心投入事业。除此之外，他们现有的生活条件也无法达到养育二胎的要求。怎奈第二个小生命已悄然落户金灿灿的腹中，而且国家已经出台鼓励政策，既来之则安之。在此之后，小两口为了二胎纷纷忙碌奔波起来，可是这一过程中风波不可避免地兴起，他们必须携手面对各种各样的困难和挑战……,INF,"['呵呵，老公年收入10万，老婆全职在家，首付70万就能在上海买个不错的复式，房贷还只要6000，而且还能养活两个孩子？编剧你逗我呢', '无意中看到第一集，女主孩子4岁的时候第一次去工作，第一天上班还夹着一个洋娃娃，各种傻白甜的样子，见人就要show娃照片。。。 我国电视剧就是树这种女性典型， 这么多年不看也真没错过什么。 呵呵。', '真心蛮好看的！三观正！喜欢女主角', '什么时候才能有性格更鲜明的，中心不是围着家庭孩子转的女性角色。不是说不鼓励全职妈妈，全职妈妈非常伟大值得尊敬，但是这现在这个社会一味的单一类型化女性形象，容易把主流价值观固定成女性就只能围着家庭的错误印象。另外，女主的婆婆说的那些，什么女性没有孩子职位再高也没用，这样的话，无语。', '女人不拼事业做个全职太太就等于是把自己的一生赌在男人的良心上，而如今的时代是一个礼崩乐坏道德丧尽天下熙熙皆为利来人间攘攘皆为欲往的大时代，试问，你敢赌吗。（反正，对人性持悲观态度的我是真不敢赌……', '男主角蒋毅不错。不过，女主角有点太作，演得痕迹太重。', '这是我看过的最好看的家庭伦理剧，不管什么时候，灿灿和陆晓东始终相信彼此，不论外界如何，在原则上他们都有底线，不像其他那些连基本的底线都丢失了', '难得家庭剧没那么脑残，两个女主演的挺自然的。', '天呐你国编剧笔下塑造的女主角还能再傻一点吗？这种傻白痴在上海最后只会因为没钱没事业最后发现丈夫出轨崩溃离婚自己拼死争两个孩子。然后发现三十好几根本没公司愿意要，一场大型你国女人自作自受的魔幻剧。', '还行，好看啊，蛮搞笑的', '明明要妻离子散家破人亡亲友反目的绝路了，突然大家都想开了，工作也不要紧了，婆婆也不神经病了，九零后小三也不死缠烂打了，为了欢喜结局，连崩成这样的好姐妹也能和好如初了，你逗我？', '男主蒋毅很不错，馨儿好可爱啊！女主我也挺喜欢的！蛮喜欢这个剧的！', '看到中间很讨厌过金灿灿 也很干恨过陆晓东的软弱 但是吧 生活就像剧中说的 不是一定要共同去解决什么 而是互相妥协 摔倒了不是躺在那里永远的撒泼打滚 而是相互扶持着站起来 再一起走下去 然后永远都不会原谅丁敏他妈这样的妈 为了自己孩子的私欲去破坏别人的家庭 这种人呐 我劝你善良', '家长里短', '冲着女一女二女三给五分～～王晓晨很棒', '虽然作和狗血 但是真的和灿灿学习怎么当媳妇怎么当妈妈', '比大刀片好看多了', '剧情有些夸张，细节部分可以再完善些。', '蒋毅不红，天理难容。', '剧情还不错，很搞笑。女主很励志', '好一派和谐的宣传片风气！这不能说是三观不正，因为这智商根本没有三观。。。', '陪爸妈看系列…', '还行吧，就是剧情真的有点夸张，不过也告诉我们生孩子就要负责，有很多的挑战！责任也更重大！', '看片名挺接地气贴近生活大环境的，可看故事简直就是当观众智商是负数。简直瞎胡闹。', '滕华涛团队做的都市剧依然对时代议题有着较好的把握，“二胎”的主题以及围绕着其所展开的心理还展示得蛮全：一胎夫妇的怀疑犹豫、为“二胎”所引发的性别歧视讨论以及房子教育等杂事。虽然后面仍然由于长度犯了滥苦情拖沓的毛病，但整体的感觉和三观还是讨喜的。王晓晨演哭戏也很好。', '当观众是傻子哦', '编剧别yy了好嘛。。感觉编剧就是个47线小县城的穷逼，即没见过世面，也没有任何相关生活体验（虽然我也没有吃过猪肉，但我见过猪跑啊！编剧你见过猪的照片吗！）。什么时候中国才能少拍点yy浮夸的电视剧，就算拍了也别上星播好嘛！连yy都y得这么丢人现眼。', '其实全剧节奏都把握的很好，唯一的缺点大概是整个剧带给人的感觉都很消极，让人高兴不起来，看过这部片子的妈妈估计不敢生二胎了，谁能像王晓晨那样把老公掐得那么死呢？', '那段时间感觉王晓晨很活跃一样？演技也不错 为什么这种有演技的演员总是火不起来呀', '差评！零分！这里面浓浓的北方气息为什么设定在上海？去北京拍啊！', '上海房子真的那么好买吗，老公年薪十万女的家庭主妇还能买个那么好的复式？希望所有房子都像编剧想的那么好买', '挂着羊头卖狗肉！二孩带来的状况只是浅浅一提，通篇都是夫妻间的合合分分！跟普通言情片有啥高明？再说说女主，演的那个金灿灿真的像两个孩子的妈吗？不见她抱孩子奶孩子，只见她不停地换衣服，不停地耍个性！思念孩子的劲儿完全没表现出来！你吖的真的体会过那种母子连心、一刻不见甚是想念的心情吗？', '二胎，拒绝', '男女主角明显连一胎都没生过，二胎早就轻车熟路了，还找黄牛挂号？再找一次生头胎的时候塞过红包的医生不就行了吗？', '蛮喜欢女主和女二！剧情一般，配音分分钟出戏！编剧正常点行么，好好一部剧非要扯上网路流行语还说的这么假也是蛮醉人的！白瞎女主和女二了！', '男主他妈一张嘴，我就想拿手边能拿到的东西往她头上闷，闷死为止。 PS：第27集杨青倾情演绎“你妈飞了”', '看起来三观很正，实际上三观极歪的伦理剧，编剧三观不正，一星都给多了', '长这么大终于见到活的白痴了。一星全给大女儿，这是跟潘长江搭过戏的小戏骨，蛮灵额', '金灿灿和韩丁真的挺合适啊，唉…… 肥皂而又反映了一定当下现实。挺好玩的。', '被迫看的，这种婆婆妈妈剧不爱看，从中间看到了大结局，很好的诠释了no zuo no die', '妈的智障！！！', '女主用力有点过猛', '在健身房被迫看了第一集，真的是有够恶臭，编剧的意思就是中国的女人就应该生二胎，热爱工作有能力就是缺少男人没有爱情滋润', '刚刚电视机在播了，看了一下。恶心死了 女主就一幅白目的傻白甜形象，这样还能去上班？！编剧你对得起每天努力上班的人吗？', '婆婆、孩子、和撕逼', '这部戏当时看，印象特别深刻的是，女主生了二胎，婆家就把女主的大女儿送到女主的父母那里了，女主特别担心女儿，但是婆婆就是不接孙女回家，让女主一心一意照顾好她的孙子，女主打电话给女儿，女儿在电话那头哭，女主方寸大乱，在寒冬腊月穿着单薄的衣衫冲出家门，因为晚上10点多了，女主拦着各种出租车要从上海去苏州，老公在和小三发展关系，婆婆不准女主回娘家看女儿，出租车又不带女主回苏州，女主见一辆出租车，就喊一辆出租车，这个情节拍了一集，我当时不懂，不理解女主有什么好担心，大可明天坐高铁回苏州看女儿啊。后来我一个朋友生了二胎，经历和女主一样的事情，也是连夜不停拦出租车，当时我一下子就明白和感同身受了。母爱真是不同凡响！', '剧本很好，人物都喜欢', '真是响应国家的政策啊，明明没条件也硬是做', '🙄️', '首次get到王晓晨']",['https://img2.doubanio.com/view/photo/m/public/p2232255231.jpg'],./data/post_video/滕文骥/二胎时代/image,"['https://img1.doubanio.com/view/photo/sqxs/public/p2215594039.jpg', 'https://img9.doubanio.com/view/photo/sqxs/public/p2264873904.jpg', 'https://img2.doubanio.com/view/photo/sqxs/public/p2578890301.jpg', 'https://img9.doubanio.com/view/photo/sqxs/public/p2215595784.jpg']",./data/post_video/滕文骥/二胎时代/image,[],./data/post_video/滕文骥/二胎时代/video
胭脂雪,https://movie.douban.com/subject/3027029/,滕文骥,于正,"['范冰冰', '霍建华', '刘雪华', '于小伟', '李倩']",6.1,4296,INF,剧情,中国大陆,汉语普通话,2008-03-29(中国大陆),INF,民国初年，文家大小姐文玉禾（范冰冰 饰）因父亲欠下巨款嫁到大户辜家，丈夫少棠（于小伟 饰）少不经事，大婚之日竟没回家。自来到辜家，玉禾仿佛置身另一个世界，丈夫游手好闲，婆婆（刘雪华 饰）老谋深算，寡嫂默心（张彤 饰）和小姑守贞（韩晓 饰）更是让人猜不透，还有一个见风使舵的丫头阿桃（李倩 饰），玉禾感到生命都要窒息了，唯有云开（霍建华 饰）伴她左右。在这看似节孝流芳的深宅大院中，实则上演着一出出见不得人的丑剧。看似正经的默心与街上的小裁缝偷情，失踪的二嫂频频现身禁地，婆婆秘不外传的珍馐则和一段谋害亲夫案相连。在这个江南小镇的深宅大院里，究竟隐藏了多少不为人知的密秘……,INF,"['要不是因为冰冰各种美的出演，真的看不下去这么离谱这么俗的故事', '有霍建华和范冰冰我都没抗完，今天才发现是于正的- -', '除了服装，基本就是个烂裹脚布外加fbb个人秀。严重怀疑编剧找的是廉价枪手，剧情粗糙到崩溃。', '还记得是读大学最后一年的冬天跟着麻麻看后来自己下到电脑里转到P4里慢慢看完的，可喜欢范冰冰和霍建华啦。那时候只要霍建华和内地女演员搭戏，我一边看着就会一边想着看吧看吧我们内地女演员各个美的哟真是美了老干部啊，哈哈哈。不过，这确实是个悲伤的故事，并且歌曲很是好听。居然没有标记。', '范冰冰很美', '和《徽娘宛心》中的李冰冰幾乎一樣，兩個冰冰都試圖通過塑造完美的女性角色來轉型。', '记得马褂。', '……', '擦 我看过', '豆瓣标记的第一部电视剧 还是国产的 初中看的了 第一震惊这部剧的编剧是于正 虽说剧情狗血符合于妈调性 但毕竟也表达了一些男女平权 妇女解放思潮 而且整体感觉很厚重踏实 所以我怀疑是多人编剧 于正插手少 第二是震惊范冰冰真他妈美', '《胭脂》范冰冰 《卸妆》江淑娜', '打发时间', '想不到最后，最毒的原来是那个老奶奶~NND', '适当剧透的重要性，如果没有你，我怎么可能看！', '戆', '纯粹画面', '为了看霍霍而看。。', '服装很漂亮', '女王', '让我对范冰冰黑转路人粉的一部剧。', '连我妈都说各种抄', '不愧是磷粉大王', '如果看服饰，那满美的，其他……', 'clothes are beautiful', '果然是于正编剧，脑残', '补遗', '胭脂是红颜脸上的伤~~~这句最销魂 范冰冰在里面绝美啊~是个被嫂子欺负，被老公欺负，被婆婆欺负，被下人欺负的女人~~~', '范冰冰 刘雪华', '不看。抵制于正！', '关系挺复杂的，FBB挺好看的，HJH不像是男主角~~', '还有这个狗血的虐剧。。。。', '一个女儿国来了个帅哥霍建华的故事。。。', '有些地方确实牵强，不过本来也没多大期望，所以还好', '善良美丽的范冰冰也被于妈妈给锁了一次', '妈妈很喜欢看...= =', '看的我想死了。。。太拖忒了', '华丽的衣服', '所以其实星儿还是要给演员啊0 0范冰冰太漂亮了！！！！！！！！造型也美爆了！！！只是这剧竟然是于妈编剧让我有点接受不能QAQ', '狗血民国剧，于正阿姨是跟着琼瑶阿姨的时间线走的吧，嚯嚯完清朝嚯嚯民国', '围观“从良”的冰冰姐', '又是拿过去那个年代的女人说事，没新意', '玉禾这个女人忍耐力太强了，服装化妆不错', '剧情很恶俗 但是作为标准的家庭连续剧是不错的', '烂片。剧情生硬不合理的地方很多，演员表现也很烂，一无是处', '冰冰是大美女，但是她的剧永远都会把自己塑造成圣母白莲花，再弄一堆精美的行头，配角就磕碜无比。', '我居然看过这个', '哪怕是有帅爆了的霍建华，也阻止不了我弃剧的想法了，真不是人看的，FUCK，于正真是脑残~~味同嚼蜡的赶脚呀！！！', '挺喜欢的', '衣服不错', '守得云开见月明']","['https://img1.doubanio.com/view/photo/m/public/p2586779808.jpg', 'https://img2.doubanio.com/view/photo/m/public/p2374843621.jpg']",./data/post_video/滕文骥/胭脂雪/image,"['https://img2.doubanio.com/view/photo/sqxs/public/p2158149512.jpg', 'https://img1.doubanio.com/view/photo/sqxs/public/p2158149229.jpg', 'https://img2.doubanio.com/view/photo/sqxs/public/p1232397933.jpg', 'https://img2.doubanio.com/view/photo/sqxs/public/p1232400993.jpg', 'https://img1.doubanio.com/view/photo/sqxs/public/p1210144789.jpg']",./data/post_video/滕文骥/胭脂雪/image,[],./data/post_video/滕文骥/胭脂雪/video
末代皇妃,https://movie.douban.com/subject/2378656/,滕文骥,张永琛,"['蒋勤勤', '李亚鹏', '黄奕', '王亚楠', '刘涛']",6.4,1061,INF,剧情/历史,中国大陆,汉语普通话,INF,INF,INF,INF,"['高中的时候看过，当时的感觉是，当时的社会真让人呆不下去。现在也同样是这种感觉。', '曹操，你真的震惊了我，你在和皇妃谈恋爱，你造么？', '虽然太过美化文绣了……但是还是可以看看的……', '其实这部戏拍得挺好的', '片名是末代皇妃，其实是末代群像的感觉。大家闺秀齐如玉，温吞才子黎天明，无非是皇妃身边的更多悲剧之一罢了，而且更加命如草芥。', '当年冲蒋勤勤看的，蒋勤勤演的文秀，李亚鹏演溥仪，黄奕演的皇后婉容。还有刘涛李钰王亚楠。 印象中没记错刘涛鼓励蒋勤勤和李亚鹏离婚，王亚楠喜欢蒋勤勤，刘涛喜欢王亚楠。 其实我觉得蒋勤勤和李亚鹏组cp还不错，因为当年看他们两人演的唐人的剧神探柯蓝，觉得两人还挺配的。李杏儿和柯蓝。', '拖拖拉拉 腻腻歪歪 黏黏糊糊 剧本问题很大 李亚鹏挂个男一 其实男主是王亚楠 真挺可惜的 那几年王亚楠发展势头不错就没大红', '印象最深的一幕：有个太监把蒋勤勤抓起来要实行太监式的强奸', '这部剧的制作班底非常强大，导演滕文骥曾编剧并执导过《飓风行动》《血色浪漫》《胭脂雪》等多部优秀的影视作品，制作人杨善朴也是《京华烟云》的制作人和出品人，演员阵容包括李亚鹏、蒋勤勤、黄奕、刘涛、雷恪生等当时已颇具名气地位的偶像和实力派。并请来了实力派歌手丁薇来演唱片尾曲。', '就可喜欢蒋勤勤 婉容啊！！', '两倍速也觉得慢，郝贵应当是第一男主角。连陈宝琛郑孝胥都有管宗祥冯远征这样的名角出演，却写成了一部什么怪力乱神的东西。为溥仪诉苦衷和为太监塑血肉似乎是那一代剧作家的共同偏好，伪满成立后溥仪还能来天津的杜撰的确突破了底线。演员阵容太强大，客串几场戏的好演员数不数胜，最后一集万年路人甲的于谦大爷突然暴走是亮点。', '这几天在看，拍得挺细腻的，演员演得很到位，画面色彩看得也很舒服自然，而且是用的自己的声音现场收声。现在的电视剧基本都是配音，而且都是打得强光，每个人的脸都惨白惨白的，很不自然。', '虽然片名是叫末代皇妃，但其实更像是末代群像的感觉。', '青春期之原来我看过这么多电视剧，一概三星带过', '很一般很一般很一般。', '话说封面不是光绪帝珍妃的经典照片么？我以为是名字错了，或是故事错了。。。', '实在是没什么好剧，翻出了这个老片子。女主光环太强大，怎么都没事，总有男的接二连三爱上她，身边的人都陆续惨遭不幸，除了草娥最后还有个过得去的结局。这部剧的亮点估计就在它的时代背景上吧。', '刘涛很知性，特别喜欢她老公在里面拒绝小翠的诱惑那一幕。', '伤心得一塌糊涂', '无意中搜到个老剧，不过感觉像流水账，演员和故事都不出彩', '国破则家亡，乱世安有完卵。', '你不知道我有多喜欢王亚楠', '剧情不错，有点伤感，片尾曲让人很回味，勤勤的扮相挺好看的，演的不错。', '原来我以前看过这么多国产剧啊，而且是精品', '蒋勤勤黄奕竟然合体这么多次', '完全没有必要把婉容黑成这样，而且爱莲女士是文绣的号。。。', '哈哈 泼妇小燕子与呆木郭靖哥哥的后幸福生活', '对这个时段发生的事情比较感兴趣', '蒋勤勤是仙女吧！我见犹怜。老电视剧里的演员演起戏来都很舒展，演技好与不好都在贴近人物，不像现在的演员，被演技人设和流量压着，有没有演技都要使劲凹演技。就是这歌电视剧的画面为什么这么暗？？晚上的戏演都要看瞎了😂', '为什么还有刘涛……没注意……', '哆嗦了！', '3⃣️3⃣️4⃣️♥️♥️文秀（🀄️🇨🇳）入宫圈点身份错位皇后变淑妃👉皇后婉容欺凌，溥仪冷落9年处女之身👉 1931年8月23日正式要求离婚官司👉川岛芳子与婉容欲除👉被太监郝贵救一👉离开天津赴北平做国文老师👉情郎：画家麦克金《东方仕女图》👉太监除之，情郎自杀👉郝贵救文秀二👉情郎二：美国领事斯图尔登教授被川刺杀👉表妹齐如玉，妹夫律师黎天民被杀👉川押文秀与宫女草娥作慰安妇👉郝贵救之三👉情郎三：张铁，张学良麾下连长👉 1945年抗胜利，国民党统治北平 👉 日报社当报纸校对员👉 社长张明炜作媒刘振东认识👉半年相恋结婚1947年夏季在北平结婚，丈夫：刘振东 👉文秀原名傅玉芳👉 👉1953年9月18日文绣因突发心肌梗塞逝家中，终年44岁，一生未育有子女！', '看了几集 觉得还是 弃了吧', '很好的片子，故事情节很好，演员俊俏，演技也颇高。很赞，非常值得一看。任务结局太过悲凉了，没有一个人有完满的结果，满心希望曹娥和阿贵能圆满结合来给故事增加一丝希望与喜色，没想到最后又扎一刀，也预示着那个悲惨的旧社会充满了罪恶与沉痛。', '太過悶了 但 還是一個好劇', '看过几集~', '人物有所美化，但剧情还可以', '这俩女主都爱，只是皇后实在是太绿叶。', '貌似只是我初中还是高中时候很喜欢的一部电视剧，蒋勤勤真的秒杀里面所有女演员啊。岁月是把杀猪刀啊，暴露年龄了。', '节奏过于拖沓，有些情节经不住推敲，主要人物性格不是沉闷就是阴冷，还有过度抢戏的BGM让人耳朵疼', 'x', '无必要的过闷', '原来看我过这么多电视剧', '童年回忆，我记得皇后好像比女主好看来着……？', '抛开历史不说，讲了一个命硬到只有真龙天子能镇住的女人的悲惨一生…全剧印象最深刻的居然是郝贵……我是太监控吗…为什么最近看电视剧都是这种感觉…=_=', '出皇宫的戏是故宫实景啊', '全部忘记了……', '让李演皇帝总感觉不对，其他的不错', '其实不错，但大家都喜欢看宫斗，哈哈', '当年没几个人能预料到刘涛的成就，大家都盯着前三位。']",['https://img2.doubanio.com/view/photo/m/public/p2374840933.jpg'],./data/post_video/滕文骥/末代皇妃/image,"['https://img2.doubanio.com/view/photo/sqxs/public/p2176981261.jpg', 'https://img2.doubanio.com/view/photo/sqxs/public/p2177009363.jpg', 'https://img9.doubanio.com/view/photo/sqxs/public/p2176992804.jpg', 'https://img2.doubanio.com/view/photo/sqxs/public/p2196484172.jpg', 'https://img3.doubanio.com/view/photo/sqxs/public/p2176992300.jpg']",./data/post_video/滕文骥/末代皇妃/image,[],./data/post_video/滕文骥/末代皇妃/video
都市里的村庄,https://movie.douban.com/subject/1958241/,滕文骥,秦培春,"['赵有亮', '黄梅莹', '殷亭如', '韦国春']",7.1,438,INF,剧情,中国大陆,汉语普通话,1982,113分钟,INF,['最佳导演(提名)'],"['和《赤橙黄绿青蓝紫》类似，女性再一次作为拯救者的形象出现，男性再次作为被拯救者，一场大火再次成为男性的成人礼。这难道是那个时代的创作情结？', '先进劳模被排挤这个设定还真是有点古怪。宁可相信大众劣根产生于对她美丽的嫉妒……而这又引出了除女主台词念白之外的第二争议的问题：用殷亭如这样颜值身段的女演员演一个高级电焊工是否有说服力？', '剧本可圈可点，风格清新自然', '殷亭如--好演员。1982', '殷婷如不愧是她那个年代的极品！主演原来就是好爸爸，怪不得如此眼熟。', '昨夜CCTV6～一九八零年代作品，与《赤橙黄绿青蓝紫》《快乐的单身汉》一样，以大上海产业工人的工作生活为题材，特别是像《赤》，连男主人公都比较相似。但本片格调更为深沉，人物很多，连主角都有两对，故事线条也多，配角也有独立的故事，但都成功地安排在篇幅不长的影片中，论艺术水准，似乎更胜一筹。男主角的设定，也会让人想起《少女与小偷》。在片中还能看到1980年代初的大上海风光，令人新奇，变化真是太大了，那时的中国真是太穷了，首屈一指的上海都市也不过是如此面貌，不过现在从一些老建筑上还是能认出一点昔日的影子，如今它们已作为审美怀旧对象而存在。属于那个年代影片共有的抒情优美风格自然也体现于本片。国产电影，我最爱的始终是1980年代前期的作品，在我看来，这几年拍的电影，有一种空前绝后的优美与感动。', '有的人看见了今天中国的变化，可有的人却陷在昨天的伤痕中抬不起头来，丁小亚成了劳模却被工厂同事排挤，杜海因为黑历史被撤销救人奖励，新华社记者舒朗借工作之际追求丁小亚，还嫌弃弟弟舒家麟为了赚钱贪心不足，现而今丁小亚恐怕会选择舒朗而不是杜海，过去工人还有疗养院，现而今毛线都没了。殷亭如穿裙子的造型很是漂亮。', '难得一见的主旋律反类型叙事佳片。生动反映了20世纪80年代初的社会风情，栩栩如生地刻画了记者舒朗、劳模小亚、杜海、家麟等一大批鲜活的人物形象。导演滕文骥立意高远，相比同时代（1982年）同类题材的类型电影，该片极具创新、超前的精神， 这使得本片极具观赏价值。', '工人们的形象塑造得非常生动，有小心眼的、有大大咧咧的、有心思重的、有大方可爱的，整体来说有点像当年的文章，工整且非常用力。记者同志热情过度，像个天真的色情狂。大船下水的时候还是被感动了，感到一种久违的集体精神。几乎由各种人物关系和鸡毛蒜皮的小事构成这么复杂的故事，挺不容易。', '人群又有什么不同呢', '人心似铁非是铁，百炼钢化绕指柔', '6，殷亭如真的是越看越美，一张小脸单看着就极具表现力，更不要说还有一米七的高挑身姿。', '被孤立的劳模，既得利益而不自知的知识分子……这两个点抓得挺有意思', '大爱殷亭如。深刻揭示人性，贴近生活。', '三十多年前的上海，真正的大美女', '西影厂滕文骥的片子，故事地点设定在上海，在上海各处取了不少的实景，片子一般，倒是其中保存的80年代初期的上海街头景观让人眼睛一亮。', '2012.11.28，资料馆。', '20世纪80年代初年轻男女的风貌在此片得到了展现，他们奋斗、暗恋、生活。丁小亚被评为劳模，但被人嫉妒；杜海有过不良前科，一直被人排斥；记者暗恋丁小亚，女二号暗恋记者，丁小亚暗恋杜海，杜海也喜欢丁小亚。上海一角的民生民情，他们是都市里朴实的村民。', '滕文骥现代企业三部曲之一，上海江滨造船厂，后文革时期社会主义工人新村展览片，反伤痕电影的逃避主义逆动，一定程度上揭示了工人阶级中存在的不正之风，对那些“光周围的风”进行批判指正。舒朗是我见过的最惹人嫌的C位男主：不仅花心暧昧处处留情（陷入三角恋）；缺乏基本职业道德（借采访之名泡妞）；不孝（几年不回家探望母亲)；不悌(对供他读大学的弟弟所谓的小商人习气横加指责）；在大是大非的立场上，也缺乏坚定的立场。千言万语汇成一句话：在大多数情况下，政治正确令人丧失基本人性。', 'w', '佳作', '黄梅莹可真不错', '能把表现劳模的主旋律影片拍成这水平，的确不易！', '从一场婚礼开始，到一场大火结束，我们看到了他们身上有一些缺点，更多是时代洪流下的无奈吧！可是他们是心底里美好的人，我看到了小时候生活时邻里的样子。看的过程中一直有种隐隐的感到，到最后还是泛起了泪花！', '出身船厂的缘故，对电影中展现的船台吊车焊花飞溅以及简陋拥挤的工人新村以及惩戒工作生活于其中的男女们倍感亲切，尤其是新船下水，对船厂来说就是个特大节日。此外真的是乏善可陈，叙事混乱，结构松散，支离破碎。人物设定也不能令人信服。女主角的声音太难听了。', '再看。宁静而淡淡的忧伤。舒朗，和三个主要人物，工作伙伴肖怡、弟弟家林、采访对象小亚，之间的对话值得玩味，令人难忘。', '蔫坏蔫坏的人心啊，看得真憋屈。最后温情纯良起来像是儿戏。两个人因被排挤而走到一起的爱情反正我是不信服的。话说那个年代的人类真是和现在很不一样啊。', '上海工人和弄堂，殷婷茹，黄梅莹，气质', '所有的人物都看起来怪怪的没有魅力，包括那个女劳模', '这人设做得，这情绪把控得，最后那个情绪高潮用全景拍了，多克制！', '文艺腔太重了。2星半', '如果说《电梯上》的「灯火」令文艺工作者感到亲近与温暖，那么《海滩》上的「台风」则时常将左右徘徊的知识分子推到风尖浪口——在上不上下不下的两难境地中，互相疏远和彼此绝望，而他们这种单纯而理想的婚恋观在「春城饭店」里也更为尴尬。为此，与其将滕文骥在八十年代初期拍摄的三部市民生活题材的电影当做「现代企业三部曲」来观摩，不如将其视为「现代爱情三部曲」来欣赏。不仅因为《都市里的村庄》就是《锅碗瓢盆交响曲》的前奏，还因为工人阶级的「常乐小吃」已然在「春城饭店」改革之前就已欣然接受命运的安排和差遣——顺势启航！', '“要仰起头来才能看清你，这样太累了。”', '熟悉的船台生活，工人们带饭的铝饭盒，公交车上遇见扒手就把车开到公安局，工人新村里简陋的宿舍和家具，女主角简朴的服装，除了工作服似乎就只换了一套衣服。人还是纯朴的好。', '很普通很规矩的一部关于社会关系的电影。对劳模及周围的人物刻画还算合理，但也没有出彩之处。', '不值得卖命', '两星半//好像正好能和《逆光》对应着看 同样都是造船厂的故事 但在具体操作上滕文骥似乎还是技高一筹//时间像凝在了一个尴尬的位置 不太聪明 也不够愚蠢//政治玩笑开不得', '2021.12.28/爱奇艺 生活3/造船厂女电焊工因是劳模受排挤，记者爱上女主，女主却与工读生动力车间的钳工在一起。', '上海下只角的民情风俗片，船厂真壮阔。', '主旋律，表现得自然真切，是因为导演生活化的呈现，船厂生活和江南邻里生活，这两个主要的生活场景，让影片有了真实的土壤，留下了那个年代的生活画卷。滕文骥导演的女主都很美，殷亭如陈红都是，杜海的帅气也很洋气。', '新时期女性的典范', '殷亭如很漂亮气质也很好就是声音有缺陷，不然的话绝对是顶级女演员。黄梅莹也很漂亮气质也好声音比殷亭如强太多了。现在对女性的审美和八十年代有不小的差异。', '剧作和镜语呈现均高于同时期作品。女主角惊艳。', '没看完，剧情有点点无聊，女主好漂亮', '这是什么神仙颜值', '八十年代的工人阶级充满着主体感，自豪感，使命感和崇高感，到了新世纪的工人阶级却在一种困顿的生活中感受到无力感，沮丧感，失落感。', '结尾用一场大火化解了所有的矛盾，都市里的村庄表现出它团结友爱，单纯质朴的一面，记者终于明白自己不再属于这个地方。在现代化建设中回眸历史，回归传统，反思当下，呼唤人性中的良与善，对社会中的“异己”多一些宽容和理解。', '还可以吧，', '劳模随时随地都能成为众矢之的。20块钱奖金买了22块钱的糖来分，现在何尝没有这种事。', '1.编剧秦培春与业余作家梁星明的剽窃风波源源不断在中国文艺圈上演，创作尺度的标准究竟如何衡量？2.男主角的身上有一种让人不适的“文人病”；3.女主角人设上是杰出工人形象，而殷亭如气质却是相对“缥缈”些的，这种落差无法被忽视；4.“道德感化”（大火中舍命救人+以德报怨）并不能解决实质——一个团队中杰出的人物既占有稀缺资源又直戳戳反衬出普通人的平庸，很难说不会刺痛心胸狭隘之人。']","['https://img2.doubanio.com/view/photo/m/public/p2527830473.jpg', 'https://img2.doubanio.com/view/photo/m/public/p2524062211.jpg', 'https://img9.doubanio.com/view/photo/m/public/p2327138554.jpg', 'https://img9.doubanio.com/view/photo/m/public/p2711784885.jpg', 'https://img3.doubanio.com/view/photo/m/public/p2641924530.jpg']",./data/post_video/滕文骥/都市里的村庄/image,"['https://img1.doubanio.com/view/photo/sqxs/public/p2711784897.jpg', 'https://img9.doubanio.com/view/photo/sqxs/public/p2711784896.jpg', 'https://img9.doubanio.com/view/photo/sqxs/public/p2711784895.jpg', 'https://img2.doubanio.com/view/photo/sqxs/public/p2711784893.jpg', 'https://img2.doubanio.com/view/photo/sqxs/public/p2711784892.jpg']",./data/post_video/滕文骥/都市里的村庄/image,[],./data/post_video/滕文骥/都市里的村庄/video
天伦,https://movie.douban.com/subject/21264276/,滕文骥,王迪,"['陈小艺', '练练', '马丽', '张国庆', '陈思斯']",6.0,313,INF,剧情/家庭,中国大陆,汉语普通话,2016-03-01(中国大陆),INF,讲述“丁香”为主线的裴家几经坎坷的家族变迁。,INF,"['我觉得是一部让人感动的戏，可是现在的孩子不会喜欢，这个时代离着他们太远，他们难以理解。', '爸妈给的评价：导演编剧有神经病。', '传统狗血剧情，陈小艺要做《渴望》里面那种大好人，但是时代变了啊', '跟着我妈看了两集…姨娘简直三观不正…演员都好丑', '挺不错的 人物刻画听鲜明的 那个年代的戏我挺欢的', '挺好的，拍的走心', '如果想看刷脸的剧，那演员的演技信则有的，你就换台。颜值固然重要，演技更重要。有演技任性！！！', '這種流水帳電視劇甚麼時候能不拍了', '好片子，只是太沉重。然而现实更沉重，不是么？', '剧情上虐得太刻意，反而丧失了自然本质。每集几乎都会出现歇斯底里的场景，好可怕。', '陪我妈看了一集，小护士珍珠和她姐吵“写报告”的事，感觉好现实。演员演的真挺好的，代入感挺强的……啥好人坏人都不是绝对的…………电视剧倒不一定多好，四星纯粹是推荐的意思。', '这是一个时代的缩影，艺术就是通过夸张的手法来表现社会问题，这部剧被很多人吐槽也是因为感觉太不真实，咋的就他们家发生了这么多事呢！其实很简单，只是把那个时代具有代表性的事件都安插在这个大家庭里来表现出来了。所以还是一部值得看的作品。', '里面很多演员演的不好，可是想给五星，因为心里跟很多剧中人物一样苦，不管是哪个年代，都有一样的无奈', '真的很讨厌这个背景。', '挺喜欢这种陪家人看的电视剧的，锅碗瓢盆、拌嘴打闹，出身不好影响了多少人的命运，现在看来这样才是好出身也是讽刺。喜欢宝珠和叶虹，优雅且通情达理的女子。', '又一部陪妈妈听完的电视剧，这剧也是挺闹腾的，陈思斯好像从甄嬛传后一直演这样闹腾不讲理的角色，剧情也是复杂，但是演技都还不错。', '家庭年代剧差不多都是一个套路，一大家子里基本就没省心的，剧情两星，加一星给演员', '很喜欢主题曲（片尾曲），我给主题曲要打五颗星。也许是本年度最佳', '呵呵', '陈小艺的扮相看着憋的慌，剧情没怎么看不做评价。', '太后爱看，我不喜欢，糟心的情节，糟心的角色，糟心的男女关系，没有自虐倾向的不建议尝试，演员演技倒还都不错，尤其食堂那个老骚扰陈小艺的男的，真是太猥琐了，看一眼都要呕出来的感觉，演员牛批！', '涛姐实力客串受气小媳妇一枚，看着真的于心不忍啊……刘海被吐槽，丈夫对二嫂有情跑路，生孩子难产狗带——这是何苦呢，没台词还刷眼泪……', '#陪爸妈看 大型粉红意淫会…', '没有水花！', '好看，练练好漂亮！剧情很励志。', '逻辑不通又毁三观。编剧还把所有困难凑在一起都让女主遇到，九九八十一难就是为了丁香升级通关服务的。反派比网络小说里的反派还奇葩弱智，恰恰还都被主角遇到了，几个女儿一个比一个奇葩', '陪我妈看了几集，有点狗血，但咱妈喜欢呀哈哈', '陈小艺演的挺棒的，年代剧总会有一些思索，一些遗憾。', '虽然三观不正 放在大时代里似乎也有其合理性 陈小艺演得真好 其他演员也不错 20160324-0401第四次课期间 with 爸妈', '建国之初的苦难真实的让人心疼', '去年这时候在家里和爸妈一起看的，刚刚看父母爱情突然想起来这部剧，想了好多剧情都没搜出来，最后想到了玉珠宝珠哈哈哈可算出来了', '剧情不错，选角不好，总体喜欢~~看的人很少', '呵呵不想说话，这是男权吊的导演和编剧弄的片吧？主旨是什么，号召广大女性继续传统美德？', '人的一生都不容易，孩子会长大，幸福的日子总是熬出来的。', '除主题曲外，淡如白开水。。。', '(Ep01)棄。', '疫情期间家里蹲陪家人看系列……陈小艺的电视剧还真的都挺不错的', '跟着娘亲看了几集，姨娘自己三观不正，还非得一个好人样子，见不惯。', '真是没有见过这么三观不正的电视剧，开个小吃店唠叨了十集！这么宣扬人善被人欺，马善被人骑，出身成分的电视剧是怎么过审的？奈何奶奶只看北京台，在屋里看书听着台词，分分钟就想出去砸电视！', '断断续续看的~偏爱文革时期的电视剧~很向往那个年代！冲着陈小艺看的~', '我去文革啊', '陪妈妈看的。。。里面的人情绪都不太稳定，很多莫名其妙的情绪起伏。。。', '算不错的电视剧，陈小艺演技确实棒！', '3星。陈小艺又一家长里短电视剧，打发时间行', '讲了一大家子从土改到文革上山下乡到改革开放的经历，大概我待过农村吧（新时代上山下乡）总是对这些体裁的电视剧特别动容，时代变迁主宰小人物的命运浮沉，也成就了一个特定的烙印', '剧情不错，时代的问题', '剧本编的粗制滥造，东拼西凑的。看完后悔看了，不过喜欢叶虹（刘梦轩）剧中呆呆的羞涩感很强，其实也是长得漂亮。', '陪爸妈一块看的，挺好看的，演员演的都不错，有些地方可能有点假，但大部分的确是那个年代的故事。', '反正谁都没错哈哈哈哈哈', '瞥过']","['https://img2.doubanio.com/view/photo/m/public/p2322975782.jpg', 'https://img9.doubanio.com/view/photo/m/public/p2322972216.jpg']",./data/post_video/滕文骥/天伦/image,"['https://img9.doubanio.com/view/photo/sqxs/public/p2358414894.jpg', 'https://img2.doubanio.com/view/photo/sqxs/public/p2358418252.jpg', 'https://img2.doubanio.com/view/photo/sqxs/public/p2358417602.jpg', 'https://img2.doubanio.com/view/photo/sqxs/public/p2358415061.jpg', 'https://img2.doubanio.com/view/photo/sqxs/public/p2358414812.jpg']",./data/post_video/滕文骥/天伦/image,[],./data/post_video/滕文骥/天伦/video
黄河谣,https://movie.douban.com/subject/1305107/,滕文骥,芦苇/朱晓平,"['巍子', '葛优', '曹景阳', '迟蓬']",7.5,988,INF,剧情,中国大陆,汉语普通话,1989,93分钟,当归（巍子 饰）在和恋人私奔的途中被人截获，险些有性命之忧，所幸得到了善良的防风大叔出手相救，才保住了性命。跟着防风大叔，当归成为了一名脚户，凭借着自己强劲的体魄有了口饭吃。一次偶然中，当归遇见了落难的柳兰（迟蓬 饰），她带着女儿樱子刚刚从土匪黑骨头（葛优 饰）的手中逃脱。在照顾柳兰母女的过程中，当归和柳兰之间渐渐产生了真挚的感情，然而在社火会上，黑骨头发现了柳兰的踪迹，在威逼利诱之下，柳兰丢下了女儿回到了黑骨头的身边，当归则肩负起了将这个孩子抚养长大的重任。一晃眼多年过去，当归和黑骨头重逢了，此时的黑骨头已经沦为囚犯，而当归亦已垂垂老矣。,"['最佳女配角(提名)', '最佳摄影(提名)', '最佳美术(提名)']","['红尘一隅，可有故乡烟火？此去经年，绝无良辰美景。聚散是缘，来去随风。', '通过男主人公从年轻到年老的人生经历 再现了过去的黄土地上穷苦人们的苦辣酸咸和爱恨情仇 故事很漫长 涉及走西口 卖儿卖女 男女相好 土匪路霸 强抢人妻 饥饿乞讨 中年无妻 老年嫁女等悲凉故事和一幅幅黄土风情画卷 特别里边一首首动人的原生态民歌 更把观众带回到那个洋溢着纯朴民风的如梦的黄土地世界', '中国西部乡土音乐歌舞片；音乐和剪辑天衣无缝的结合。', '黄水奔流向东方，河流万里长。------黄河谣 故事片。西安电影制片厂1989年摄制。本片上映于1989年，于1990年 获加拿大第十四届“蒙特利尔世界电影节”最佳导演奖，1991年获广播电影电视部1989-1990年优秀影片奖。------《黄河谣》和《黄土地》《红高粱》……风格如出一辙，这类电影看多了，有点腻了。', '三十年河西三十年河东', '景深长马队，黄土枯河道。唢呐哥儿憨尕妹，十八岁的黑骨头，河东河西总无情。', '黄河的歌谣高亢中带着悲伤，因为这干涸的河床承载着多少不甘，满眼的黄沙埋葬了多少幸福。当归带不走红花，留不住柳兰，老了送走樱子过黄河，看着黑骨头被正法。每个人都有自己的命，不管富贵还是苦难，黄河谣就是生命赞歌。', '这就是西方习惯和想看到的中国吗', '谁说北方人只有广袤黄土般的粗狂，遥远的歌谣传递出了我们独具浪漫主义情怀的精神个性。 阳婆婆，啊阳婆婆..........', '“陕北信天游唱‘白花花的大腿，水灵灵的逼，这么好的地方留不住你’。这就叫力量”——马未都', '1994年8月中考结束的暑假，高中已经开学并且开始上课了，某天晚上一个人在家，一夜没睡，画画，整理书什么的，顺便看了这部影片。讲得什么完全没印象了。', '摄影1星，配乐1星，跑旱船，踩高跷，霸王鞭，闹社火1星，九九黄河谣1星，当归和红花恋爱的一段好美，再来1星。最后嫁女时当归和黑骨头的碰面太刻意了，减一星。话说，最后的九九黄河谣明显方言味儿更重，也更正。太有感了啊！', '三十年河东三十年河西，我们又见面了', '我想看这部电影 2011-01-07 演红花的演员段岫真漂亮，那个没有整容的年代这自带高光的高鼻梁，大眼睛，如果化妆好一点，完全不逊李嘉欣啊', '节奏太慢了吧，摄影很棒，红黄色调完美契合黄土地。调度差了点，有破好莱坞镜头痕迹，镜头走位没有灵性，比黄土地差了点，拍黄土地不说方言说什么普通话嘛？？！配音太糙，细节太随意。人物立不住，故事也就无从说起。断点式叙事，视点也是乱七八糟。这就是个拼凑的片段，根本不是一个电影的样子，社火抢路刻意的让人起鸡皮疙瘩，越看越想来气，咋就能拿奖呢？！', '相对于那个年代要求不要过多。其实他们拍出来了东西，相比较目前而言。', '《山神》讲的是东北人的疯野与浪漫，此片则讲的是西北人的彪悍与柔情。当归英雄气短，敢爱敢恨，柳兰和红花风情万种，赴汤蹈火。虽说土匪黑骨头烧杀掳掠，可也是性情中人。导演没有单纯从正反两面描写当归和黑骨头，而是透过他们敢做敢为的直爽性格，来表现西北人共有的豪情。当归把黑骨头抢来的老婆占为己有，黑骨头虽然不爽，可敬他是条汉子，给了他一碗酒喝。黑骨头被共产党逮捕了，当归也并没有因为黑骨头强迫柳兰而唾弃他，同样是给了一碗酒。在江湖道义、野蛮粗犷的西北民风背景之下，他们二人的黑白身份已经模糊。导演在他们身份上的反差基础上，揭露出他们的铁骨铮铮，这种身份反差揭露共有的正面性格使得戏剧感染力更强，令人肃然起敬。', '三十年河东三十年河西。突兀莽撞的旺盛生命力，就如此挥洒在了浑浊的泥水里。傍水黄土坡上的游尘，飘来荡去了此一生，前世往生也依然是孑然一身。潮落潮起泥沙俱下，唯有嘹亮悲壮的信天游在时空中激荡。幼年初看只记得一片荒芜苍凉，如今重看也还是茫茫然的凄苦。', '黄河岸边的悲歌，岁月更迭，不变的只有黄河。', '摄影极好 惊现中指', '满眼黄沙的黄土高原粗砺线条，荡气回肠的陕北民歌，敢爱敢恨的男人，黄土地上的爱恨情仇在一幕幕上演，任由时代变迁，唯有情不变，三十年河东，三十年河西。《黄河谣》的色调以及适时的民歌小曲都很棒，故事主线稍有单薄，看起来有黄土风情公路片的感觉，三星半加。', '也就是西影场和芦苇吧，能以默契把握住这个大架构故事影像化，时间拐点太楞，叙事过于粗线条，需要观众对本民族传统文化有极深的感受才能跟上，这时候会多少外国话，MBA多少学位证可是用不上了。艺术家必须有天才的成分，比如葛优，但巍子显然不是，后来的表演风格太趋向表现主义了，这个时候还算适度，特别是在荒漠中为了生存扎进骡子放血那一下可是力拔千钧，全片的压抑都在这一刹那释放了。在一些艰难时刻、彷徨迷茫无助包围你，你不知道未来方向，不知道地球向左转还是向右转，冲不出大陆，看不到世界，你最好的选择就是向回望，以最实在的经历稳住心神，等待烟消云散。这根基就是黄河长江，就是黄土高坡，就是雪山稻田。', '摄影超棒，可惜没有清晰版。歌曲也很不错。一个男人落魄的一生，女人可悲，男人何尝有过权威？不过都是土豪土匪的陪衬。为啥有钱的都是废人，有爱的都是屌丝。这一曲爱情长恨歌，唱到几时？和《美姐》类似。', '为陕北，为苍凉悲壮的信天游，为人类的苦难，五星！', '20211024le。黄土地、红高粱之后的跟风的西部故事，滕文骥，1989，芦苇，西影。巍子，葛优，陕北民歌，将落后、艰难奇观化。', '很早以前看过影碟，画面很粗糙，但其实可以看，就是比较老套的早期西部黄土地土匪骚扰乡民题材，葛优第一部展示演技的片，本身塑造比顽主要好，也获奖了', '为了看葛优几个镜头，我看了一些陕西风光、听了几首文工团改编过的暧昧民歌、一个我都能想得出的故事。', '大文艺片儿，剧情和场景，音乐，都还不错 那个年代的电影，特别是表现地域特色的电影，好像都有拔高，渲染的倾向。就好比人们说自己的家乡有啥特色，生怕别人不信，就再夸张三十倍。本来干旱，就说一辈子不洗澡。本来黄土多，就说除了黄土没别的。 不过短短的篇幅表现了行脚客，土匪等人一生的沧桑变故，三十年河东三十年河西，也是功夫。确有荡气回肠的感觉。人只是适应各自的环境，扮演自己的角色，接受自己的命运，除此以外，无他 当归后面也老的太快了一点', '三十年河东三十年河西，你也有今天！', '人生史诗。女主太好看了，这个海报能换一张吗哈哈哈哈。（论刘海的重要性）', '三十年河东三十年河西', '7.3分。芦苇的抒情和风土人情。有一天突然到厂门口了他碰见我了说：芦苇你到我办公室去一下”我说“什么事？”他说：“你小子不错”。因为我给厂里写了两个剧本，给厂里赚钱了。他说：“你想当什么？想当导演还是编剧？你想当导演，我把你调到导演室去，想当编剧，把你调到文学部去。”我说：“这样吧还是想画画，我还是在美术部待着。头儿，有什么好东西，我来写，在哪儿待着无所谓。”他说：“你有素材吗？”说：“你拍西部片，我得下去体验生活。”他说“你要下好下、下、下，你要多少钱？一千块钱够不够。”那时候是八七、八八年啊，一千块钱都是大钱了，我还真不敢要。后来给我的五百块钱成全我当编剧之路。我跑下去体验生活了《双旗镇刀客》和《黄河谣》都是那次跑出来的。吴天明最后还说：“五百块钱弄个编剧太便宜了”', '对葛优没印象1。。', '面对一部比我还大将近两岁的电影，实在太厚重。很多时候我觉得自己能表达的太苍白了，时间沉淀堆积出来的，太沉重。谁都赢不了时间的，逃不了谁都会苍老。', '平淡，黄土，时间不够叙事，显得张力不足', '小时候就是看了这电影之后，学会了白羊肚的手巾的系法儿，还惦记上了陕北老农戴那圆片水晶眼镜。', '还没看电影，一看黄河谣这几个字，脑子里就是古老中国、愚昧与落后、黄土景观、爱情悲剧、民歌与民族寓言，再忍着从头到尾看完，也的确符合，内里透露这一股当地当时的气质，还有的套路化东西就是：只要有年轻的女子就肯定要嫁人，而且嫁的都是丑陋、性无能的老男人，而且嫁之前都往往要爱上一个帅气强壮的小伙子（欲望满足？黄土地里边直接把这个置换成了gcd哈哈），而且肯定要悲剧，这小伙子要被放逐，这女子要悲惨的死去。', '这是根植于这块土地上的电影，多发掘创作一些代表性作品啊，别老一天天的都是不着调的都市啊玄幻烂片', '当风景元素被过度利用，而故事不够丰满、人物不够鲜明，电影就成了这样一个空壳，只给人留下一片黄土的印象。', '滕文骥非常热爱音乐吧，拍了这么多部', '天下黄河九十九道弯', '一如黄土地里的求雨仪式，在这里是耍社火，还有陕北民歌真的好好听啊！', '大量充斥象征符码，与其说是类型元素，不如将其看作文人电影在新时期的重新探索，与80年代早期第四代作品已产生明显裂变和分化，但又不属于商业片。摄影机运动意识依然薄弱，但镜头内部空间安排让画面具有了某种现实压迫感，人被镶嵌在环境中，显得微不足道。不再是单纯的追忆和感慨，思辨性明显增强。放在1989的节点，像温和第四代到激进第五代的平滑过渡。信天游催泪啊。', '这个电影这种陕北风挺好的，只可惜画面太粗糙了，有点白乎乎的，颜色不正，另外就是找了整个网，找不到字幕，挺可惜的，里面巍子记着肚兜的样子很奇特，不知道是不是风俗就是这样的', '滕文驥:《黃河謠》（1989）:巍子沉穩出色的第一次電影表演，沙漠攝影的壯美，構圖的錯落有致，以及悠長悲涼的場面調度，怎麼看這都該是中國電影的現實主義傑作之一，向吳天明的西影廠致敬，那裡到底誕生過多少中國電影的傑作？', '厚重的隐忍，就是这个民族的性格，一切悲剧的根源。', '电影就像片子不断出现的信天游一样凄婉哀绝', '咦好神奇，我关注了超多电影迷，这部电影只有两个友邻标了看过。/三星出头吧，还行。/男主好像十三爷胤祥！/感慨一下，电影节的flop也会反影响当年的获奖电影本身啊。蒙特利尔电影节式微，给电影的背书就更少了。（？）', '同时代中最会运用音乐叙事的导演，三十年也好，三百年也罢，来来往往的故事，都是黄河或奔腾咆哮或平流不息的歌谣中的一撇而已。', '社火对歌太好听了，百听不厌，导演我靠你大爷太吝啬了，多唱会啊，一分钟都不到']","['https://img9.doubanio.com/view/photo/m/public/p2868255404.jpg', 'https://img3.doubanio.com/view/photo/m/public/p2459829000.jpg', 'https://img1.doubanio.com/view/photo/m/public/p2459828999.jpg', 'https://img9.doubanio.com/view/photo/m/public/p2162040146.jpg']",./data/post_video/滕文骥/黄河谣/image,"['https://img2.doubanio.com/view/photo/sqxs/public/p2868255402.jpg', 'https://img2.doubanio.com/view/photo/sqxs/public/p2868255401.jpg', 'https://img3.doubanio.com/view/photo/sqxs/public/p2868255400.jpg', 'https://img1.doubanio.com/view/photo/sqxs/public/p2868255399.jpg', 'https://img1.doubanio.com/view/photo/sqxs/public/p2868255398.jpg']",./data/post_video/滕文骥/黄河谣/image,[],./data/post_video/滕文骥/黄河谣/video
北京深秋的故事,https://movie.douban.com/subject/2216393/,滕文骥,齐星,"['陈宝国', '李亚鹏', '吴越', '胡军', '廖凡']",8.2,539,INF,剧情/爱情,中国大陆,汉语普通话,1995,INF,北京某年秋天，一起车祸肇事事件令男男女女的命运发生改变。街道服务公司经理肖克己（陈宝国 饰）在给客户送货途中救助了一名被撞伤的老人，谁知却被家属诬为肇事者，经媒体宣传后更遭到全社会的谴责。多年来始终敬重肖的银行信贷员陈晓风（吴越 饰）始终坚信肖的为人，她想方设法寻找目击证人和真正的肇事者，给肖以无微不至的关注。与此同时，晓风与未婚夫马强（李亚鹏 饰）的关系却发生了微妙的变化，两人渐行渐远。在此期间，记者许文正（胡军 饰）也加入到追查真相的行列中来，他全身心投入，和女友刘芸（夏力薪 饰）的爱情则直线降至冰点。真相大白之日，所有人的命运都或多或少发生了变化……,INF,"['小时候看过的呀', '中学时特痴迷看这个电视剧 记得还剪辑出了个电影版！~', '看过的但是不记得了。这些花了很多时间看之后又全然没有印象的电视电影小说故事到底在你的生命中扮演了什么角色呢？是来谋杀你的吗？谋杀了你那么多的时间，只是这些时间又是什么意义呢？', '别问我为什么', '少先队员!', '这个里面的李亚鹏很不错', '真诚的诠释着这个令人不大明白的世界', '陈宝国最后面对爱情怂了。。。', '年少记忆。', '真想再看一遍，小时候好多好看的国产剧，现在都怎么了？', '一直分不清楚吴越和袁泉。其实吴越更有灵气呢，对她塑造的角色印象更深刻。。。', '最帅的李亚鹏', '十一年前的春节，我一个人在北京寒冬听说的爱情故事，很好。', '当时觉得可好看了，色调就是深秋的颜色，主题歌名字叫做重来。', '阳光, 秋风, 落叶, 清丽动人的小女孩傻傻的跟着清寒交困的你, 风情万种的小骚货死死的缠着有家室的你...', '小时候觉得真好看啊', '那会儿吴越可真年轻啊，李亚鹏也挺帅的', '三星', '这是我小时候最喜欢的电视剧', '那个年代很美好的电视剧 细腻纠结的剧情至今依旧清晰记得', '落叶北京。', '剧情完全忘了，片名可以给满分了～～～', '之前小时候电视总是重播，现在想看都看不到。片头片尾曲现在发现真的好听', '因为这部剧喜欢滕文骥和吴越', '小时候看的 只记得插曲好好听 吴越好美', '吳悅現在才火⋯小時候我就是看了這部戲挺喜歡她記住了這個名字！沒想到20年後的一個小三卻讓她走紅了,人生如戲戲如人生！', '中學記憶。當年的國產劇很不錯', '因为吴越多年后回归荧屏，令我想起了这部剧，剧情已经记不很清了。简单的总结下，就是演技都很在线的剧。', '主题歌好听 那时候的吴越 好有灵气啊', '抄写主题歌歌词的日记本至今还保留', '人性去哪了？', '中午在公园散步的时候，看着漫天飞舞的银杏叶，突然想起了这部对我影响很深的电视剧，北京，深秋，晓风。。。', '那时候的李亚鹏真是又帅气质又佳！', '时至今日仍清晰记得片名，剧情已经忘了一半。但是因为#吴越#记住了这剧！原因不明，我还小：）哈哈哈哈～过了20多年因为#我的前半生#再次看了吴越，演技更棒了！', '1997.01.16', '特别美好的一个故事', '好有预见性。', '至今每次听见片头曲都心潮澎湃半天，主题曲首首精品，这个演员阵容也足以傲视群雄，可豆瓣上连个剧照都没有，真是雁过潭不留影了', '漫步在北京秋天的傍晚，踏着满地的梧桐叶，打量着来来往往的人群！这一幕仿佛定格在我的脑海里，每当想起这部电视剧，它就不由的浮现出来。', '上初中时候看的，一直觉得不错！', '上中学时看过，很好看，那时吴越很漂亮', '向往的生活。', '非常棒。真的。', '十一年前的春节，我一个人在北京寒冬听说的爱情故事，很好。', '看到有人跌倒还有谁敢扶呀', '十二岁情窦初开那会儿看的 具体内容记不清了 结局让人心疼 谁也没有得到爱情 李亚鹏当年蛮帅的', '小时候看了很感动的电视，好想再看一遍，可惜连剧照都找不着了。五颗星送给童年杀', '好小的时候看的!现在好多东西都想不起来了!但是很好看!歌也很好听!!!', '暴露年龄的剧看的时候还年轻满是对未来的向往', '小时候看的，一直印象深']",['https://img1.doubanio.com/view/photo/m/public/p2598747377.jpg'],./data/post_video/滕文骥/北京深秋的故事/image,"['https://img3.doubanio.com/view/photo/sqxs/public/p483611540.jpg', 'https://img2.doubanio.com/view/photo/sqxs/public/p2598746132.jpg']",./data/post_video/滕文骥/北京深秋的故事/image,[],./data/post_video/滕文骥/北京深秋的故事/video
酸甜苦辣小夫妻,https://movie.douban.com/subject/25922867/,滕文骥,程然/邓景异,"['王雷', '车晓', '李心敏', '孟秀', '阿楠']",5.7,243,INF,剧情/家庭,中国大陆,汉语普通话,2015-08-21(中国大陆),INF,王凯旋（王雷 饰）和妻子田丽丽（车晓 饰）是一对结婚多年的小夫妻，彼此之间感情十分要好。王凯旋家的老宅被划入了学区房，田丽丽的母亲希望亲家公老王能够将房子过户给女儿女婿，如此一来两人的孩子便能够上一个优质的好学校。然而让众人没有想到的是，老王非但没有替儿子一家人着想，还企图卖掉房子和保姆裴桂芝（孟秀 饰）双宿双飞，三家人因为此时闹得不可开交。不仅如此，王凯旋的初恋情人ECHO（李晓峰 饰）出现在了他的面前，展现出了难忘旧情的态度。而田丽丽的合作方赵枫林（焦刚 饰）似乎对果敢坚强的田丽丽产生了兴趣。夫妻恋人两人的感情渐渐出现了不易察觉的裂痕。,INF,[],"['https://img9.doubanio.com/view/photo/m/public/p2206078286.jpg', 'https://img9.doubanio.com/view/photo/m/public/p2205866034.jpg']",./data/post_video/滕文骥/酸甜苦辣小夫妻/image,"['https://img2.doubanio.com/view/photo/sqxs/public/p2231328822.jpg', 'https://img3.doubanio.com/view/photo/sqxs/public/p2231328820.jpg', 'https://img1.doubanio.com/view/photo/sqxs/public/p2231328818.jpg', 'https://img9.doubanio.com/view/photo/sqxs/public/p2231328816.jpg']",./data/post_video/滕文骥/酸甜苦辣小夫妻/image,[],./data/post_video/滕文骥/酸甜苦辣小夫妻/video
在那遥远的地方,https://movie.douban.com/subject/1919408/,滕文骥,王石/梁宗柱/李桦/余仲慰,"['张洪量', '陈红', '胡锦', '张复建', '李志希']",7.1,415,好于28%传记片,剧情/爱情/传记,中国大陆,汉语普通话,INF,INF,故事发生在20世纪30~40年代，家住北平的青年音乐家黄钟（张洪量 饰）与出身优渥、楚楚动人但命运多舛的大户人家小姐江雪（陈红 饰）相知相恋。江雪因病无法站立，为此痛苦不堪。江雪的父母包办婚姻，打算将女儿嫁给门当户对的方少爷。倔强的女孩抵死不从，在过门当天，江雪在黄钟的帮助下私奔逃到了西北。蛮荒恶劣的环境，让二人遭遇前所未有的磨难，却也在舟车劳顿之外使江雪重新站立起来。他们且行且走，流浪到了达坂城，出于义气帮助了新娘被抢走的买买提，谁知将自己置身于危难的境地。黄钟险些因此丧命，危机时刻多亏美丽的藏族姑娘卓玛出手相救。身处乱世，几对男女的爱情故事如是上演……,INF,"['小时候看过', 'P。文青祸害好姑娘。', '张洪量那双忧郁明亮的眼睛，突然意识到他其实是很好看很有气质的，让他来演王洛宾是有道理的，气质很接近，又都是音乐家身份。如果去掉配音用张洪量的原声就好了。电影的画面朴实无华，伴着那些熟悉的音乐，心里很温暖。看着他们这一路上的旅程，认识的人、风景、歌，正是这些东西成就了王洛宾的民歌。', '剧情几无逻辑可言，逃婚逃了个寂寞，就几首耳熟能详的歌曲加分。这智障的渣男根本不是王洛宾，陈红很美丽，演技很花瓶。', '最好看的画面在故事还没开始的时候 漠漠黄沙 一群骆驼缓缓走近 猎风吹扬起行者的白袍 张洪量白巾蒙面 目光追随着骆驼上的吹箫女子 乐声渐弱 倩影渐远 醒来方知梦一场 只有那支箫安静地挂在墙上 最令我意外的是男主角居然是张洪量 而且电影中那些王洛宾的曲子都是由罗大佑配唱 他的精彩演唱绝对是个惊喜', '最后唱的在那遥远的地方，很动人。', '眼泪花儿把心淹了。', '张洪量一开口居然是罗大佑的声音唱王洛宾的歌，奇怪为什么不自己唱明明也是歌手', '小时候看的，小时候就学会了那首在那遥远的地方。', '1993.10.26', '1.《情歌纪念日》里的大部分作品是罗大佑应导演滕文骥之约，为《在那遥远的地方》改编的主题曲目，因此虽然《情歌纪念日》是独立存在的，但也可以被看成是电影《在那遥远的地方》的电影原声音乐。→ 因为音乐而来看电影。2.一度误以为这是讲述《在那遥远的地方》创作历程的故事呢？结果并非如此。3.罗大佑的歌声从张洪量的嘴里唱出来感觉有些违和。4.听到好几首自己耳熟能详的歌曲。★★★☆', '民歌挺好的', '当年看的大银幕，陈红无死角的美。', '在那个年代很惊艳', '经典', '评错了电影...陈红年轻时真美', '好像看过', '为罗大佑加两星', '还行，剧情略显薄弱了一点。只是...从张洪量的口里唱出罗大佑的歌声，怪怪感觉。', '49', '我爱民歌', '25岁陈红', '卓玛背景故事那段太有爱了~~可能太短了才编了整个大故事吧~可是这么一来卓玛差点成了三啊！ - - 也不能算王洛宾传记吧。。不知道半个月亮爬上来的背景是不是电影里那样~', '我爸年轻时候和张洪量一样一样的……现在成他妈黄宏了', '音乐不错，故事太一般，那时候的陈红太美，加一颗星。', '滕文骥对各民族特色一直热爱，相比于《黄河谣》等片，此片紧紧围绕爱情线展开，将西北人、哈萨克人、藏族等特质刻画出来。电影从逃离封建婚姻开始，音乐家与贵族小姐抛开一切，相依相伴，历尽艰辛，前往遥远的西边放歌采风，中间遇到了豪放粗野的西北老板娘苦守真情，遇到了大阪城的痴心汉子抛头洒血，遇到了哈萨克人的爽朗奔放，强盗横行，野马驰骋，军阀混战，许许多多的故事，这对情侣也分分合合，百转千回。剧情结构和人物安排都是非常好的，只是剧情逻辑如滕文骥的其他片子一样仍旧许多地方经不起推敲。如果滕文骥再好好推敲一下逻辑，好好处理一下细节，让片子不是浮光掠影，丰满起来，这类型片子打个八分以上绝对没问题。讲的东西这么多，两个半小时差多才能让故事立起来，一个半小时也只能拍成这个样子。很可惜。', '看到广播线有人推陈红想到了很多年前看过这部电影，没想到男主是张洪亮', '小学看的', '自由于天边外，传说在白云上…… PS:卓玛姑娘真好看~', '西部歌王，名不虚传', '小学的时候看的，印象深刻～～～～～“在那遥远的地方～～～“', '西北穆斯林民歌“花儿”很好听', 'd', '原唱罗大佑', '在纪实频道看到关于他的纪录片', '陈红年轻时神仙颜值', '尴尬，怼个特写假唱假吹，也就糊弄糊弄那个年代，不过无所谓了，陈红老师好看足以掩盖这些', '国产的精品 特别是罗大佑的声音', '贡献了一张好听的民歌专辑', '张洪量和罗大佑一样，唱歌比Bob Dylan还难听。电影一般，给全片配乐三星吧', '据说讲的是音乐家王洛宾，歌曲非常好听。', '在那遥远的地方，有位好姑娘；人们走过她的帐房，都要回头留恋地张望。', '陈红好美丽，西北人好淳朴善良，大草原好美，处处的人儿载歌载舞，好想回到自然的怀抱，回到大地上去。', '还是不错的爱情电影。港产爱情故事，景色是内地的景色。从北平到西北戈壁沙漠，历经艰辛，只为爱情。', '记不清了', '记得以前电视上看过，因歌而生的电影。虽然是比较老套的爱情故事，但还是很感人的，还有那民族风情。', '太串戏 水云间 阿凡提 金剑雕领 藏族小三逆天的白 肺结核可以蹦的那么欢快 每一首美得让人心碎的民歌后面都是血和泪', '原来陈红就是嫦娥姐姐，我也爱了好多年，古典美，眼睛像小时候的溪流很清澈 眼泪花儿 五朵梅 好听', '年轻时候的陈红真是美，纯真又动人。', '看之前以为是非常好的片子，可能期望太高了。现在也不记得当年的感觉了。']","['https://img1.doubanio.com/view/photo/m/public/p2230065697.jpg', 'https://img9.doubanio.com/view/photo/m/public/p2529767854.jpg', 'https://img1.doubanio.com/view/photo/m/public/p2687194288.jpg', 'https://img2.doubanio.com/view/photo/m/public/p2375873851.jpg', 'https://img1.doubanio.com/view/photo/m/public/p2375873847.jpg']",./data/post_video/滕文骥/在那遥远的地方/image,"['https://img9.doubanio.com/view/photo/sqxs/public/p1613165576.jpg', 'https://img3.doubanio.com/view/photo/sqxs/public/p2390026840.jpg', 'https://img1.doubanio.com/view/photo/sqxs/public/p2677991018.jpg', 'https://img1.doubanio.com/view/photo/sqxs/public/p2678927618.jpg', 'https://img1.doubanio.com/view/photo/sqxs/public/p2678927617.jpg']",./data/post_video/滕文骥/在那遥远的地方/image,[],./data/post_video/滕文骥/在那遥远的地方/video
致命的一击,https://movie.douban.com/subject/2326685/,滕文骥,齐星/王琛,"['陈建斌', '李静', '赵亮', '孙艺菲', '李洪涛']",5.2,260,INF,剧情/动作/犯罪,中国大陆,汉语普通话,INF,101分钟,INF,"['最佳故事片(提名)', '最佳女配角(提名)']",[],"['https://img9.doubanio.com/view/photo/m/public/p2517615356.jpg', 'https://img1.doubanio.com/view/photo/m/public/p2517615348.jpg', 'https://img9.doubanio.com/view/photo/m/public/p2517615345.jpg']",./data/post_video/滕文骥/致命的一击/image,"['https://img1.doubanio.com/view/photo/sqxs/public/p2596827839.jpg', 'https://img9.doubanio.com/view/photo/sqxs/public/p2596827885.jpg', 'https://img9.doubanio.com/view/photo/sqxs/public/p2596827745.jpg', 'https://img2.doubanio.com/view/photo/sqxs/public/p2596827732.jpg', 'https://img1.doubanio.com/view/photo/sqxs/public/p2596827718.jpg']",./data/post_video/滕文骥/致命的一击/image,[],./data/post_video/滕文骥/致命的一击/video
嘉庆传奇,https://movie.douban.com/subject/4202190/,滕文骥,辛柏青/何冰/刘磊,"['辛柏青', '何冰', '刘磊']",6.0,234,INF,剧情/古装,中国大陆,普通话/国语,2005,INF,INF,INF,[],['https://img2.doubanio.com/view/photo/m/public/p2868316351.jpg'],./data/post_video/滕文骥/嘉庆传奇/image,"['https://img9.doubanio.com/view/photo/sqxs/public/p2157374244.jpg', 'https://img2.doubanio.com/view/photo/sqxs/public/p2157374172.jpg', 'https://img1.doubanio.com/view/photo/sqxs/public/p2583161597.jpg', 'https://img9.doubanio.com/view/photo/sqxs/public/p2157374864.jpg', 'https://img3.doubanio.com/view/photo/sqxs/public/p2869349390.jpg']",./data/post_video/滕文骥/嘉庆传奇/image,[],./data/post_video/滕文骥/嘉庆传奇/video
海滩,https://movie.douban.com/subject/1305132/,滕文骥,秦培春/马中骏,"['白灵', '刘威', '魏宗万']",7.1,304,INF,剧情,中国大陆,汉语普通话,INF,130分钟,故事发生在一座小渔村内，鱼王老鳗鲡的女儿陆小妹（百灵 饰）进城打工，却因为土里土气而遭到了城里人的嘲笑，在误打误撞之下，陆小妹结识了名为许彦的男子，两人之间结下了友谊。老鳗鲡强迫陆小妹嫁给她的表哥，虽然陆小妹心里有一百个不愿意，但是却不敢违抗父令。菊花是陆小妹的好友，一次偶然中，她解释了外号花脚蚊子的青工，两人坠入了情网。可是，这段感情并没有一个好的结果，花脚蚊子最终抛弃了菊花，导致菊花只能下嫁给又穷又丑的金根。菊花的遭遇让陆小妹内心里百感杂陈，她决定不屈服于命运的安排，选择向许彦求助。,INF,[],['https://img2.doubanio.com/view/photo/m/public/p2517760181.jpg'],./data/post_video/滕文骥/海滩/image,"['https://img2.doubanio.com/view/photo/sqxs/public/p2737796003.jpg', 'https://img9.doubanio.com/view/photo/sqxs/public/p2737796024.jpg', 'https://img2.doubanio.com/view/photo/sqxs/public/p2737796013.jpg', 'https://img1.doubanio.com/view/photo/sqxs/public/p2737796009.jpg', 'https://img1.doubanio.com/view/photo/sqxs/public/p2737795998.jpg']",./data/post_video/滕文骥/海滩/image,[],./data/post_video/滕文骥/海滩/video
三十里铺,https://movie.douban.com/subject/6730003/,滕文骥,兰一斐,"['王媛可', '赵鸿飞', '寇振海', '张彤', '李东霖']",7.3,84,INF,剧情/历史,中国大陆,汉语普通话,2012,INF,《三十里铺》是陕北经典民歌。编剧兰一斐说，很多人唱这首民歌，但不一定知道这首歌曲背后的故事。该剧改编历时十余年，故事发生在1939至1942年间的陕北绥德三十里铺。当时日军已侵占山西，保卫黄河之战如火如荼。绥德县属国共两党的共管区，国共两党成员、日军特务、土匪，以及赶牲灵的驼队、骡队和脚户挑夫等经常往来歇息于三十里铺的骡马店。在动荡不安纷繁复杂的环境中，四妹子和三哥哥为了爱情、生存、革命都做出了巨大的努力，留下绝唱《三十里铺》。,INF,[],['https://img2.doubanio.com/view/photo/m/public/p2193831423.jpg'],./data/post_video/滕文骥/三十里铺/image,"['https://img1.doubanio.com/view/photo/sqxs/public/p2215593928.jpg', 'https://img9.doubanio.com/view/photo/sqxs/public/p2215593905.jpg', 'https://img9.doubanio.com/view/photo/sqxs/public/p2215593926.jpg', 'https://img1.doubanio.com/view/photo/sqxs/public/p2396144267.jpg', 'https://img1.doubanio.com/view/photo/sqxs/public/p2396144199.jpg']",./data/post_video/滕文骥/三十里铺/image,[],./data/post_video/滕文骥/三十里铺/video
书香门第,https://movie.douban.com/subject/2272211/,滕文骥,孟繁树,"['高明', '何冰', '孙艺菲', '吴越', '庞敏']",7.7,287,INF,剧情,中国大陆,普通话/国语,2003-05-19(中国大陆),INF,这的一部全方位地反映改革开放初期我国知识分子命运和生活的大型电视连续剧的全剧展示了的们的事业、家庭、情感和伦理道德的从剧中颜文德教授及其子女、亲属、同事、学生颜璞、颜玉、寒雪等人的生动感人故事中的我们既可以清楚地看到中华民族的优秀文化传统与当代中国先进文化的碰撞与传承的又能的一个较高的层面上深切地感受到的的知识分子身上所集中体现的中华民族的伦理、道德、情操的深厚文化内涵和其中所蕴涵的人间真情的永恒魅力。,INF,[],['https://img1.doubanio.com/view/photo/m/public/p2514370987.jpg'],./data/post_video/滕文骥/书香门第/image,[],./data/post_video/滕文骥/书香门第/image,[],./data/post_video/滕文骥/书香门第/video
曼荼罗,https://movie.douban.com/subject/1302626/,滕文骥,原源一,"['张丰毅', '姜黎黎', '永岛敏行', '樱田淳子', '曹景阳']",7.0,95,INF,剧情,中国大陆/日本,日语/汉语普通话,1991-12-14(日本),110分钟,"唐代,日本留学僧空海--弘法大师为了追寻平等圆满的密教大法,历经千难万险,随“遣唐使”远涉重洋至中国求学。后拜唐长安城青龙寺密教第七代大师惠果阿阇梨为师,接受大悲胎藏界与金刚界两部曼荼罗灌顶,法号－－遍照金刚,尽得密教之奥妙。自此绍密教第八代祖师位。大师后返回日本，大力弘扬，倡言密教，创真言宗。并开创了灵山佛都——高野山。于是密教得以传至东土，形成‘东密’。并奠定日本佛教坚固的基石。千百年来，弘法大师空海一直活在日本人民的心中，“大师信仰”已成为日本人的信仰的原型。在中日文化交流史上，他跟鉴真和尚齐名，是值得中国人民永远怀念的友人。本片即再现了空海大师入唐求学的经历,让我们一起随着影片回顾那段历史吧!",INF,[],"['https://img9.doubanio.com/view/photo/m/public/p2868268344.jpg', 'https://img1.doubanio.com/view/photo/m/public/p2677845537.jpg', 'https://img9.doubanio.com/view/photo/m/public/p857006984.jpg']",./data/post_video/滕文骥/曼荼罗/image,"['https://img1.doubanio.com/view/photo/sqxs/public/p2868268337.jpg', 'https://img9.doubanio.com/view/photo/sqxs/public/p2868268336.jpg', 'https://img9.doubanio.com/view/photo/sqxs/public/p2868268335.jpg', 'https://img9.doubanio.com/view/photo/sqxs/public/p2868268334.jpg', 'https://img2.doubanio.com/view/photo/sqxs/public/p2868268331.jpg']",./data/post_video/滕文骥/曼荼罗/image,[],./data/post_video/滕文骥/曼荼罗/video
香香闹油坊,https://movie.douban.com/subject/2000758/,滕文骥,李本深,"['陈红', '巍子', '戈治均', '褚栓忠', '贾兆冀']",6.8,150,INF,INF,中国大陆,汉语普通话,1994,INF,INF,INF,[],"['https://img1.doubanio.com/view/photo/m/public/p2466209607.jpg', 'https://img1.doubanio.com/view/photo/m/public/p2633458918.jpg', 'https://img9.doubanio.com/view/photo/m/public/p2869997334.jpg']",./data/post_video/滕文骥/香香闹油坊/image,"['https://img9.doubanio.com/view/photo/sqxs/public/p2359560885.jpg', 'https://img1.doubanio.com/view/photo/sqxs/public/p2180511427.jpg', 'https://img9.doubanio.com/view/photo/sqxs/public/p2679200754.jpg']",./data/post_video/滕文骥/香香闹油坊/image,[],./data/post_video/滕文骥/香香闹油坊/video
烈日炎炎,https://movie.douban.com/subject/2263145/,滕文骥,刘跃军/张延纪/李小朴,"['孙艺菲', '陈宝国', '苗圃', '连奕名', '傅晶']",7.1,72,INF,剧情/战争,中国大陆,汉语普通话,INF,INF,1949年10月，伴随着新中国成立的礼炮声，中国人民解放军进军新疆，在稳定了新疆的社会局势以后，驻疆部队响应中央的号召，一手拿着战斗的武器继续清剿反动和分裂势力，另一手拿起了生产的武器，开始了屯垦生产。为了稳定解放军指战员们的思想，使他们做好扎根边疆，长期屯垦戍边的准备，新疆军区决定从内地征召大批女兵入疆，解决驻疆部队指战员的婚姻问题。春铃和秋芳是正在内地读中学的女学生，两个人是同班同学，情同姐妹。由于卷入了一桩买卖婚姻之中，秋芳被迫要中断学业嫁给镇上的一个无赖。此时新疆部队正在镇上征召女兵，在春铃的鼓励和帮助下，秋芳逃到了征兵站，在最后一刻登上了女兵专列，而春铃也在匆忙之中忘了下车，就这么糊里糊涂地参了军，和秋芳一起来到了新疆。然而，在她们到部队以后，春铃和秋芳完全走出了两条不同的命运轨迹。,INF,[],['https://img2.doubanio.com/view/photo/m/public/p2174546012.jpg'],./data/post_video/滕文骥/烈日炎炎/image,[],./data/post_video/滕文骥/烈日炎炎/image,[],./data/post_video/滕文骥/烈日炎炎/video
